,,Corrections by Rashmi,,,,,,,,,,,,,,,,,,,,,,,,,,,,Modern,Modern,Modern,Classic,Classic,Classic,Classic,Classic,Classic,Classic,Classic,Modern
SN,Cabinet Code,Cabinet Code,Zone Name,Zone Key,Family Key,Family Name,Variant Label,Inbuilt Drawers,Handed,P1,P2,P3,Material Type,Handle,Width,Height,Depth,Thickness,Construction,Mount,Tall?,Blind?,Low-depth?,Shutter Sqft,Finish,Carcass Net Sqft,# Panels,# Shutters,Side Spec,Design MD1,Design MD2,Design MD3,Design MD1CM1,Design MD1CM2,Design MD2CM1,Design MD2CM2,Design MD3CM1,Design MD3CM2,Design CL1,Design CL2,Design NEON20
,BC-DW-CJ-ST-XXX-2HB-XXX-450-720-560-15,BC-DW-CJ-ST-XXX-2HB-XXX-450-720-560-15,BC,Base,DW,Base Drawer,2 Drawers,—,—,BC,DW,CJ,ST,XCJ,450,720,560,15,fulltb,legs,No,No,No,3.49,ANY,22.588,6,2,2HB,Yes,No,Yes,Yes,Yes,No,No,Yes,Yes,Yes,Yes,No
,BC-DW-CJ-ST-XXX-2HB-XXX-600-720-560-15,BC-DW-CJ-ST-XXX-2HB-XXX-600-720-560-15,BC,Base,DW,Base Drawer,2 Drawers,—,—,BC,DW,CJ,ST,XCJ,600,720,560,15,fulltb,legs,No,No,No,4.65,ANY,27.711,6,2,2HB,Yes,No,Yes,Yes,Yes,No,No,Yes,Yes,Yes,Yes,No
,BC-DW-CJ-ST-XXX-2HB-XXX-900-720-560-15,BC-DW-CJ-ST-XXX-2HB-XXX-900-720-560-15,BC,Base,DW,Base Drawer,2 Drawers,—,—,BC,DW,CJ,ST,XCJ,900,720,560,15,fulltb,legs,No,No,No,6.97,ANY,37.957,6,2,2HB,Yes,No,Yes,Yes,Yes,No,No,Yes,Yes,Yes,Yes,No
,BC-DW-STD-ST-XXX-2HB-XXX-450-720-560-15,BC-DW-TTS-ST-XXX-2HB-XXX-450-720-560-15,BC,Base,DW,Base Drawer,2 Drawers,—,—,BC,DW,TTS,ST,STD,450,720,560,15,fulltb,legs,No,No,No,3.49,ANY,22.699,6,2,2HB,No,Yes,No,No,No,Yes,Yes,No,No,Yes,Yes,No
,BC-DW-STD-ST-XXX-2HB-XXX-600-720-560-15,BC-DW-TTS-ST-XXX-2HB-XXX-600-720-560-15,BC,Base,DW,Base Drawer,2 Drawers,—,—,BC,DW,TTS,ST,STD,600,720,560,15,fulltb,legs,No,No,No,4.65,ANY,27.86,6,2,2HB,No,Yes,No,No,No,Yes,Yes,No,No,Yes,Yes,No
,BC-DW-STD-ST-XXX-2HB-XXX-900-720-560-15,BC-DW-TTS-ST-XXX-2HB-XXX-900-720-560-15,BC,Base,DW,Base Drawer,2 Drawers,—,—,BC,DW,TTS,ST,STD,900,720,560,15,fulltb,legs,No,No,No,6.97,ANY,38.18,6,2,2HB,No,Yes,No,No,No,Yes,Yes,No,No,Yes,Yes,No
,BC-DW-CJ-ST-2LB-1HB-XXX-600-720-560-15,BC-DW-CJ-ST-2LB-1HB-XXX-600-720-560-15,BC,Base,DW,Base Drawer,3 Drawers,—,—,BC,DW,CJ,ST,XCJ,600,720,560,15,fulltb,legs,No,No,No,4.65,ANY,30.082,8,3,2LB+1HB,Yes,No,Yes,No,No,No,No,No,No,No,No,No
,BC-DW-CJ-ST-2HB-1BL-XXX-600-720-560-15,BC-DW-CJ-ST-2HB-1BL-XXX-600-720-560-15,BC,Base,DW,Base Drawer,3 Drawers,2HB + 1BL,—,BC,DW,CJ,ST,XCJ,600,720,560,15,fulltb,legs,No,No,No,4.65,ANY,29.9,9,2,2LB+1HB,Yes,No,Yes,No,No,No,No,No,No,No,No,No
,BC-DW-CJ-ST-2LB-1HB-XXX-900-720-560-15,BC-DW-CJ-ST-2LB-1HB-XXX-900-720-560-15,BC,Base,DW,Base Drawer,3 Drawers,—,—,BC,DW,CJ,ST,XCJ,900,720,560,15,fulltb,legs,No,No,No,6.97,ANY,41.61,8,3,2LB+1HB,Yes,No,Yes,No,No,No,No,No,No,No,No,No
,BC-DW-CJ-ST-2HB-1BL-XXX-900-720-560-15,BC-DW-CJ-ST-2HB-1BL-XXX-900-720-560-15,BC,Base,DW,Base Drawer,3 Drawers,2HB + 1BL,—,BC,DW,CJ,ST,XCJ,900,720,560,15,fulltb,legs,No,No,No,6.97,ANY,41.303,9,2,2LB+1HB,Yes,No,Yes,No,No,No,No,No,No,No,No,No
,BC-DW-STD-ST-2LB-1HB-XXX-600-720-560-15,BC-DW-TTS-ST-2LB-1HB-XXX-600-720-560-15,BC,Base,DW,Base Drawer,3 Drawers,—,—,BC,DW,TTS,ST,STD,600,720,560,15,fulltb,legs,No,No,No,4.65,ANY,30.23,8,3,2LB+1HB,No,Yes,No,No,No,No,No,No,No,No,No,No
,BC-DW-STD-ST-2HB-1BL-XXX-600-720-560-15,BC-DW-TTS-ST-2HB-1BL-XXX-600-720-560-15,BC,Base,DW,Base Drawer,3 Drawers,2HB + 1BL,—,BC,DW,TTS,ST,STD,600,720,560,15,fulltb,legs,No,No,No,4.65,ANY,30.049,9,2,2LB+1HB,No,Yes,No,No,No,No,No,No,No,No,No,No
,BC-DW-STD-ST-2LB-1HB-XXX-900-720-560-15,BC-DW-TTS-ST-2LB-1HB-XXX-900-720-560-15,BC,Base,DW,Base Drawer,3 Drawers,—,—,BC,DW,TTS,ST,STD,900,720,560,15,fulltb,legs,No,No,No,6.97,ANY,41.833,8,3,2LB+1HB,No,Yes,No,No,No,No,No,No,No,No,No,No
,BC-DW-STD-ST-2HB-1BL-XXX-900-720-560-15,BC-DW-TTS-ST-2HB-1BL-XXX-900-720-560-15,BC,Base,DW,Base Drawer,3 Drawers,2HB + 1BL,—,BC,DW,TTS,ST,STD,900,720,560,15,fulltb,legs,No,No,No,6.97,ANY,41.525,9,2,2LB+1HB,No,Yes,No,No,No,No,No,No,No,No,No,No
,BC-HO-CJ-ST-XXX-2HB-XXX-600-720-560-15,BC-HO-CJ-ST-XXX-2HB-XXX-600-720-560-15,BC,Base,HO,Base Hob,2 Drawers,—,—,BC,HO,CJ,ST,XCJ,600,720,560,15,fulltb,legs,No,No,No,4.65,ANY,24.243,5,2,2HB,Yes,No,Yes,Yes,Yes,No,No,Yes,Yes,Yes,Yes,No
,BC-HO-CJ-ST-XXX-2HB-XXX-900-720-560-15,BC-HO-CJ-ST-XXX-2HB-XXX-900-720-560-15,BC,Base,HO,Base Hob,2 Drawers,—,—,BC,HO,CJ,ST,XCJ,900,720,560,15,fulltb,legs,No,No,No,6.97,ANY,32.755,5,2,2HB,Yes,No,Yes,Yes,Yes,No,No,Yes,Yes,Yes,Yes,No
,BC-HO-STD-ST-XXX-2HB-XXX-600-720-560-15,BC-HO-TTS-ST-XXX-2HB-XXX-600-720-560-15,BC,Base,HO,Base Hob,2 Drawers,—,—,BC,HO,TTS,ST,STD,600,720,560,15,fulltb,legs,No,No,No,4.65,ANY,24.243,5,2,2HB,No,Yes,No,No,No,Yes,Yes,No,No,Yes,Yes,No
,BC-HO-STD-ST-XXX-2HB-XXX-900-720-560-15,BC-HO-TTS-ST-XXX-2HB-XXX-900-720-560-15,BC,Base,HO,Base Hob,2 Drawers,—,—,BC,HO,TTS,ST,STD,900,720,560,15,fulltb,legs,No,No,No,6.97,ANY,32.755,5,2,2HB,No,Yes,No,No,No,Yes,Yes,No,No,Yes,Yes,No
,BC-HO-CJ-ST-2LB-1HB-XXX-600-720-560-15,BC-HO-CJ-ST-2LB-1HB-XXX-600-720-560-15,BC,Base,HO,Base Hob,3 Drawers,—,—,BC,HO,CJ,ST,XCJ,600,720,560,15,fulltb,legs,No,No,No,4.65,ANY,26.614,7,3,2LB+1HB,Yes,No,Yes,No,No,No,No,No,No,No,No,No
,BC-HO-CJ-ST-2LB-1HB-XXX-900-720-560-15,BC-HO-CJ-ST-2LB-1HB-XXX-900-720-560-15,BC,Base,HO,Base Hob,3 Drawers,—,—,BC,HO,CJ,ST,XCJ,900,720,560,15,fulltb,legs,No,No,No,6.97,ANY,36.408,7,3,2LB+1HB,Yes,No,Yes,No,No,No,No,No,No,No,No,No
,BC-HO-STD-ST-2LB-1HB-XXX-600-720-560-15,BC-HO-TTS-ST-2LB-1HB-XXX-600-720-560-15,BC,Base,HO,Base Hob,3 Drawers,—,—,BC,HO,TTS,ST,STD,600,720,560,15,fulltb,legs,No,No,No,4.65,ANY,26.614,7,3,2LB+1HB,No,Yes,No,No,No,No,No,No,No,No,No,No
,BC-HO-STD-ST-2LB-1HB-XXX-900-720-560-15,BC-HO-TTS-ST-2LB-1HB-XXX-900-720-560-15,BC,Base,HO,Base Hob,3 Drawers,—,—,BC,HO,TTS,ST,STD,900,720,560,15,fulltb,legs,No,No,No,6.97,ANY,36.408,7,3,2LB+1HB,No,Yes,No,No,No,No,No,No,No,No,No,No
,BC-SK-CJ-ST-XXX-LHS-XXX-600-720-560-15,BC-SK-CJ-ST-XXX-LHS-XXX-600-720-560-15,BC,Base,SK,Base Sink,Single bowl (handed),—,LHS,BC,SK,CJ,ST,XCJ,600,720,560,15,fulltb,legs,No,No,No,4.65,ANY,16.114,3,1,,Yes,No,Yes,Yes,Yes,No,No,Yes,Yes,Yes,Yes,No
,BC-SK-CJ-ST-XXX-RHS-XXX-600-720-560-15,BC-SK-CJ-ST-XXX-RHS-XXX-600-720-560-15,BC,Base,SK,Base Sink,Single bowl (handed),—,RHS,BC,SK,CJ,ST,XCJ,600,720,560,15,fulltb,legs,No,No,No,4.65,ANY,16.114,3,1,,Yes,No,Yes,Yes,Yes,No,No,Yes,Yes,Yes,Yes,No
,BC-SK-STD-ST-XXX-LHS-XXX-600-720-560-15,BC-SK-TTS-ST-XXX-LHS-XXX-600-720-560-15,BC,Base,SK,Base Sink,Single bowl (handed),—,LHS,BC,SK,TTS,ST,STD,600,720,560,15,fulltb,legs,No,No,No,4.65,ANY,16.114,3,1,,No,Yes,No,No,No,Yes,Yes,No,No,Yes,Yes,No
,BC-SK-STD-ST-XXX-RHS-XXX-600-720-560-15,BC-SK-TTS-ST-XXX-RHS-XXX-600-720-560-15,BC,Base,SK,Base Sink,Single bowl (handed),—,RHS,BC,SK,TTS,ST,STD,600,720,560,15,fulltb,legs,No,No,No,4.65,ANY,16.114,3,1,,No,Yes,No,No,No,Yes,Yes,No,No,Yes,Yes,No
,BC-SK-CJ-ST-XXX-2HS-XXX-900-720-560-15,BC-SK-CJ-ST-XXX-2HS-XXX-900-720-560-15,BC,Base,SK,Base Sink,Double bowl,—,—,BC,SK,CJ,ST,XCJ,900,720,560,15,fulltb,legs,No,No,No,6.97,ANY,20.138,3,2,SK 3H,Yes,No,Yes,Yes,Yes,No,No,Yes,Yes,Yes,Yes,No
,BC-SK-CJ-ST-XXX-2HS-XXX-1050-720-560-15,BC-SK-CJ-ST-XXX-2HS-XXX-1050-720-560-15,BC,Base,SK,Base Sink,Double bowl,—,—,BC,SK,CJ,ST,XCJ,1050,720,560,15,fulltb,legs,No,No,No,8.14,ANY,22.15,3,2,SK 3H,Yes,No,Yes,Yes,Yes,No,No,Yes,Yes,Yes,Yes,No
,BC-SK-CJ-ST-XXX-2HS-XXX-1200-720-560-15,BC-SK-CJ-ST-XXX-2HS-XXX-1200-720-560-15,BC,Base,SK,Base Sink,Double bowl,—,—,BC,SK,CJ,ST,XCJ,1200,720,560,15,fulltb,legs,No,No,No,9.30,ANY,24.161,3,2,SK 3H,Yes,No,Yes,Yes,Yes,No,No,Yes,Yes,Yes,Yes,No
,BC-SK-STD-ST-XXX-2HS-XXX-900-720-560-15,BC-SK-TTS-ST-XXX-2HS-XXX-900-720-560-15,BC,Base,SK,Base Sink,Double bowl,—,—,BC,SK,TTS,ST,STD,900,720,560,15,fulltb,legs,No,No,No,6.97,ANY,20.138,3,2,SK 3H,No,Yes,No,No,No,Yes,Yes,No,No,Yes,Yes,No
,BC-SK-STD-ST-XXX-2HS-XXX-1050-720-560-15,BC-SK-TTS-ST-XXX-2HS-XXX-1050-720-560-15,BC,Base,SK,Base Sink,Double bowl,—,—,BC,SK,STD,ST,STD,1050,720,560,15,fulltb,legs,No,No,No,8.14,ANY,22.15,3,2,SK 3H,No,Yes,No,No,No,Yes,Yes,No,No,Yes,Yes,No
,BC-SK-STD-ST-XXX-2HS-XXX-1200-720-560-15,BC-SK-TTS-ST-XXX-2HS-XXX-1200-720-560-15,BC,Base,SK,Base Sink,Double bowl,—,—,BC,SK,TTS,ST,STD,1200,720,560,15,fulltb,legs,No,No,No,9.30,ANY,24.161,3,2,SK 3H,No,Yes,No,No,No,Yes,Yes,No,No,Yes,Yes,No
,BC-SH-CJ-ST-1SX-LHS-XXX-450-720-560-15,BC-SH-CJ-ST-1SX-LHS-XXX-450-720-560-15,BC,Base,SH,Base Shutter,Single door (handed),—,LHS,BC,SH,CJ,ST,XCJ,450,720,560,15,fulltb,legs,No,No,No,3.49,ANY,19.027,5,1,,Yes,No,Yes,Yes,Yes,No,No,Yes,Yes,Yes,Yes,No
,BC-SH-CJ-ST-1SX-RHS-XXX-450-720-560-15,BC-SH-CJ-ST-1SX-RHS-XXX-450-720-560-15,BC,Base,SH,Base Shutter,Single door (handed),—,RHS,BC,SH,CJ,ST,XCJ,450,720,560,15,fulltb,legs,No,No,No,3.49,ANY,19.027,5,1,,Yes,No,Yes,Yes,Yes,No,No,Yes,Yes,Yes,Yes,No
,BC-SH-CJ-ST-1SX-LHS-XXX-500-720-560-15,BC-SH-CJ-ST-1SX-LHS-XXX-500-720-560-15,BC,Base,SH,Base Shutter,Single door (handed),—,LHS,BC,SH,CJ,ST,XCJ,500,720,560,15,fulltb,legs,No,No,No,3.87,ANY,20.266,5,1,,Yes,No,Yes,Yes,Yes,No,No,Yes,Yes,Yes,Yes,No
,BC-SH-CJ-ST-1SX-RHS-XXX-500-720-560-15,BC-SH-CJ-ST-1SX-RHS-XXX-500-720-560-15,BC,Base,SH,Base Shutter,Single door (handed),—,RHS,BC,SH,CJ,ST,XCJ,500,720,560,15,fulltb,legs,No,No,No,3.87,ANY,20.266,5,1,,Yes,No,Yes,Yes,Yes,No,No,Yes,Yes,Yes,Yes,No
,BC-SH-CJ-ST-1SX-LHS-XXX-550-720-560-15,BC-SH-CJ-ST-1SX-LHS-XXX-550-720-560-15,BC,Base,SH,Base Shutter,Single door (handed),—,LHS,BC,SH,CJ,ST,XCJ,550,720,560,15,fulltb,legs,No,No,No,4.26,ANY,21.505,5,1,,Yes,No,Yes,Yes,Yes,No,No,Yes,Yes,Yes,Yes,No
,BC-SH-CJ-ST-1SX-RHS-XXX-550-720-560-15,BC-SH-CJ-ST-1SX-RHS-XXX-550-720-560-15,BC,Base,SH,Base Shutter,Single door (handed),—,RHS,BC,SH,CJ,ST,XCJ,550,720,560,15,fulltb,legs,No,No,No,4.26,ANY,21.505,5,1,,Yes,No,Yes,Yes,Yes,No,No,Yes,Yes,Yes,Yes,No
,BC-SH-CJ-ST-1SX-LHS-XXX-600-720-560-15,BC-SH-CJ-ST-1SX-LHS-XXX-600-720-560-15,BC,Base,SH,Base Shutter,Single door (handed),—,LHS,BC,SH,CJ,ST,XCJ,600,720,560,15,fulltb,legs,No,No,No,4.65,ANY,22.745,5,1,,Yes,No,Yes,Yes,Yes,No,No,Yes,Yes,Yes,Yes,No
,BC-SH-CJ-ST-1SX-RHS-XXX-600-720-560-15,BC-SH-CJ-ST-1SX-RHS-XXX-600-720-560-15,BC,Base,SH,Base Shutter,Single door (handed),—,RHS,BC,SH,CJ,ST,XCJ,600,720,560,15,fulltb,legs,No,No,No,4.65,ANY,22.745,5,1,,Yes,No,Yes,Yes,Yes,No,No,Yes,Yes,Yes,Yes,No
,BC-SH-STD-ST-1SX-LHS-XXX-450-720-560-15,BC-SH-TTS-ST-1SX-LHS-XXX-450-720-560-15,BC,Base,SH,Base Shutter,Single door (handed),—,LHS,BC,SH,TTS,ST,STD,450,720,560,15,fulltb,legs,No,No,No,3.49,ANY,19.138,5,1,,No,Yes,No,No,No,Yes,Yes,No,No,Yes,Yes,No
,BC-SH-STD-ST-1SX-RHS-XXX-450-720-560-15,BC-SH-TTS-ST-1SX-RHS-XXX-450-720-560-15,BC,Base,SH,Base Shutter,Single door (handed),—,RHS,BC,SH,TTS,ST,STD,450,720,560,15,fulltb,legs,No,No,No,3.49,ANY,19.138,5,1,,No,Yes,No,No,No,Yes,Yes,No,No,Yes,Yes,No
,BC-SH-STD-ST-1SX-LHS-XXX-500-720-560-15,BC-SH-TTS-ST-1SX-LHS-XXX-500-720-560-15,BC,Base,SH,Base Shutter,Single door (handed),—,LHS,BC,SH,TTS,ST,STD,500,720,560,15,fulltb,legs,No,No,No,3.87,ANY,20.39,5,1,,No,Yes,No,No,No,Yes,Yes,No,No,Yes,Yes,No
,BC-SH-STD-ST-1SX-RHS-XXX-500-720-560-15,BC-SH-TTS-ST-1SX-RHS-XXX-500-720-560-15,BC,Base,SH,Base Shutter,Single door (handed),—,RHS,BC,SH,TTS,ST,STD,500,720,560,15,fulltb,legs,No,No,No,3.87,ANY,20.39,5,1,,No,Yes,No,No,No,Yes,Yes,No,No,Yes,Yes,No
,BC-SH-STD-ST-1SX-LHS-XXX-550-720-560-15,BC-SH-TTS-ST-1SX-LHS-XXX-550-720-560-15,BC,Base,SH,Base Shutter,Single door (handed),—,LHS,BC,SH,TTS,ST,STD,550,720,560,15,fulltb,legs,No,No,No,4.26,ANY,21.642,5,1,,No,Yes,No,No,No,Yes,Yes,No,No,Yes,Yes,No
,BC-SH-STD-ST-1SX-RHS-XXX-550-720-560-15,BC-SH-TTS-ST-1SX-RHS-XXX-550-720-560-15,BC,Base,SH,Base Shutter,Single door (handed),—,RHS,BC,SH,TTS,ST,STD,550,720,560,15,fulltb,legs,No,No,No,4.26,ANY,21.642,5,1,,No,Yes,No,No,No,Yes,Yes,No,No,Yes,Yes,No
,BC-SH-STD-ST-1SX-LHS-XXX-600-720-560-15,BC-SH-TTS-ST-1SX-LHS-XXX-600-720-560-15,BC,Base,SH,Base Shutter,Single door (handed),—,LHS,BC,SH,TTS,ST,STD,600,720,560,15,fulltb,legs,No,No,No,4.65,ANY,22.894,5,1,,No,Yes,No,No,No,Yes,Yes,No,No,Yes,Yes,No
,BC-SH-STD-ST-1SX-RHS-XXX-600-720-560-15,BC-SH-TTS-ST-1SX-RHS-XXX-600-720-560-15,BC,Base,SH,Base Shutter,Single door (handed),—,RHS,BC,SH,TTS,ST,STD,600,720,560,15,fulltb,legs,No,No,No,4.65,ANY,22.894,5,1,,No,Yes,No,No,No,Yes,Yes,No,No,Yes,Yes,No
,BC-SH-CJ-ST-1SX-2HS-XXX-900-720-560-15,BC-SH-CJ-ST-1SX-2HS-XXX-900-720-560-15,BC,Base,SH,Base Shutter,Double door,—,—,BC,SH,CJ,ST,XCJ,900,720,560,15,fulltb,legs,No,No,No,6.97,ANY,30.182,5,2,1S 3H,Yes,No,Yes,Yes,Yes,No,No,Yes,Yes,Yes,Yes,No
,BC-SH-STD-ST-1SX-2HS-XXX-900-720-560-15,BC-SH-TTS-ST-1SX-2HS-XXX-900-720-560-15,BC,Base,SH,Base Shutter,Double door,—,—,BC,SH,TTS,ST,STD,900,720,560,15,fulltb,legs,No,No,No,6.97,ANY,30.405,5,2,1S 3H,No,Yes,No,No,No,Yes,Yes,No,No,Yes,Yes,No
,BC-GD-CJ-ST-1BL-1HF-XXX-450-720-560-15,BC-GD-CJ-ST-1BL-1HF-XXX-450-720-560-15,BC,Base,GD,Base Grain Drawer,Grain Drawer,—,—,BC,GD,CJ,ST,XCJ,450,720,560,15,fulltb,legs,No,No,No,3.49,ANY,22.47,9,1,1HB,Yes,No,Yes,Yes,Yes,No,No,Yes,Yes,Yes,Yes,No
,BC-GD-CJ-ST-1BL-1HF-XXX-600-720-560-15,BC-GD-CJ-ST-1BL-1HF-XXX-600-720-560-15,BC,Base,GD,Base Grain Drawer,Grain Drawer,—,—,BC,GD,CJ,ST,XCJ,600,720,560,15,fulltb,legs,No,No,No,4.65,ANY,27.53,9,1,1HB,Yes,No,Yes,Yes,Yes,No,No,Yes,Yes,Yes,Yes,No
,BC-GD-STD-ST-1BL-1HF-XXX-450-720-560-15,BC-GD-TTS-ST-1BL-1HF-XXX-450-720-560-15,BC,Base,GD,Base Grain Drawer,Grain Drawer,—,—,BC,GD,TTS,ST,STD,450,720,560,15,fulltb,legs,No,No,No,3.49,ANY,22.581,9,1,1HB,No,Yes,No,No,No,Yes,Yes,No,No,Yes,Yes,No
,BC-GD-STD-ST-1BL-1HF-XXX-600-720-560-15,BC-GD-TTS-ST-1BL-1HF-XXX-600-720-560-15,BC,Base,GD,Base Grain Drawer,Grain Drawer,—,—,BC,GD,TTS,ST,STD,600,720,560,15,fulltb,legs,No,No,No,4.65,ANY,27.678,9,1,1HB,No,Yes,No,No,No,Yes,Yes,No,No,Yes,Yes,No
,BC-AP-CJ-ST-OVN-1FP-XXX-600-720-560-15,BC-AP-CJ-ST-OVN-1FP-XXX-600-720-560-15,BC,Base,AP,Base Appliance (Oven),Oven,—,—,BC,AP,CJ,ST,XCJ,600,720,560,15,fulltb,legs,No,No,No,4.65,ANY,16.317,4,0,APP,No,No,No,No,No,No,No,No,No,No,No,No
,BC-AP-STD-ST-OVN-1FP-XXX-600-720-560-15,BC-AP-NHX-ST-OVN-1FP-XXX-600-720-560-15,BC,Base,AP,Base Appliance (Oven),Oven,—,—,BC,AP,TTS,ST,STD,600,720,560,15,fulltb,legs,No,No,No,4.65,ANY,16.466,4,0,APP,No,No,No,No,No,No,No,No,No,No,No,No
,BC-AC-CJ-ST-BPO-LHS-XXX-150-720-560-15,BC-AC-CJ-ST-BPO-LHS-XXX-150-720-560-15,BC,Base,BPO,Base Bottle Pullout,Bottle Pullout (handed),—,LHS,BC,AC,CJ,ST,XCJ,150,720,560,15,fulltb,legs,No,No,No,1.16,ANY,10.946,4,1,,Yes,No,Yes,No,No,No,No,No,No,No,No,No
,BC-AC-CJ-ST-BPO-RHS-XXX-150-720-560-15,BC-AC-CJ-ST-BPO-RHS-XXX-150-720-560-15,BC,Base,BPO,Base Bottle Pullout,Bottle Pullout (handed),—,RHS,BC,AC,CJ,ST,XCJ,150,720,560,15,fulltb,legs,No,No,No,1.16,ANY,10.946,4,1,,Yes,No,Yes,No,No,No,No,No,No,No,No,No
,BC-AC-CJ-ST-BPO-LHS-XXX-300-720-560-15,BC-AC-CJ-ST-BPO-LHS-XXX-300-720-560-15,BC,Base,BPO,Base Bottle Pullout,Bottle Pullout (handed),—,LHS,BC,AC,CJ,ST,XCJ,300,720,560,15,fulltb,legs,No,No,No,2.32,ANY,13.825,4,1,,Yes,No,Yes,Yes,Yes,No,No,Yes,Yes,Yes,Yes,No
,BC-AC-CJ-ST-BPO-RHS-XXX-300-720-560-15,BC-AC-CJ-ST-BPO-RHS-XXX-300-720-560-15,BC,Base,BPO,Base Bottle Pullout,Bottle Pullout (handed),—,RHS,BC,AC,CJ,ST,XCJ,300,720,560,15,fulltb,legs,No,No,No,2.32,ANY,13.825,4,1,,Yes,No,Yes,Yes,Yes,No,No,Yes,Yes,Yes,Yes,No
,BC-AC-STD-ST-BPO-LHS-XXX-150-720-560-15,BC-AC-TTS-ST-BPO-LHS-XXX-150-720-560-15,BC,Base,BPO,Base Bottle Pullout,Bottle Pullout (handed),—,LHS,BC,AC,TTS,ST,STD,150,720,560,15,fulltb,legs,No,No,No,1.16,ANY,10.983,4,1,,No,Yes,No,No,No,No,No,No,No,No,No,No
,BC-AC-STD-ST-BPO-RHS-XXX-150-720-560-15,BC-AC-TTS-ST-BPO-RHS-XXX-150-720-560-15,BC,Base,BPO,Base Bottle Pullout,Bottle Pullout (handed),—,RHS,BC,AC,TTS,ST,STD,150,720,560,15,fulltb,legs,No,No,No,1.16,ANY,10.983,4,1,,No,Yes,No,No,No,No,No,No,No,No,No,No
,BC-AC-STD-ST-BPO-LHS-XXX-300-720-560-15,BC-AC-TTS-ST-BPO-LHS-XXX-300-720-560-15,BC,Base,BPO,Base Bottle Pullout,Bottle Pullout (handed),—,LHS,BC,AC,TTS,ST,STD,300,720,560,15,fulltb,legs,No,No,No,2.32,ANY,13.899,4,1,,No,Yes,No,No,No,Yes,Yes,No,No,Yes,Yes,No
,BC-AC-STD-ST-BPO-RHS-XXX-300-720-560-15,BC-AC-TTS-ST-BPO-RHS-XXX-300-720-560-15,BC,Base,BPO,Base Bottle Pullout,Bottle Pullout (handed),—,RHS,BC,AC,TTS,ST,STD,300,720,560,15,fulltb,legs,No,No,No,2.32,ANY,13.899,4,1,,No,Yes,No,No,No,Yes,Yes,No,No,Yes,Yes,No
,BC-AC-CJ-ST-WBP-1HF-XXX-300-720-560-15,BC-AC-CJ-ST-WBP-1HF-XXX-300-720-560-15,BC,Base,WBP,Base Waste Bin Pullout,Waste Bin Pullout,—,—,BC,AC,CJ,ST,XCJ,300,720,560,15,fulltb,legs,No,No,No,2.32,ANY,13.825,4,1,1HB,Yes,No,Yes,Yes,Yes,No,No,Yes,Yes,Yes,Yes,No
,BC-AC-CJ-ST-WBP-1HF-XXX-600-720-560-15,BC-AC-CJ-ST-WBP-1HF-XXX-600-720-560-15,BC,Base,WBP,Base Waste Bin Pullout,Waste Bin Pullout,—,—,BC,AC,CJ,ST,XCJ,600,720,560,15,fulltb,legs,No,No,No,4.65,ANY,19.583,4,1,1HB,Yes,No,Yes,Yes,Yes,No,No,Yes,Yes,Yes,Yes,No
,BC-AC-STD-ST-WBP-1HF-XXX-300-720-560-15,BC-AC-TTS-ST-WBP-1HF-XXX-300-720-560-15,BC,Base,WBP,Base Waste Bin Pullout,Waste Bin Pullout,—,—,BC,AC,TTS,ST,STD,300,720,560,15,fulltb,legs,No,No,No,2.32,ANY,13.899,4,1,1HB,No,Yes,No,No,No,Yes,Yes,No,No,Yes,Yes,No
,BC-AC-STD-ST-WBP-1HF-XXX-600-720-560-15,BC-AC-TTS-ST-WBP-1HF-XXX-600-720-560-15,BC,Base,WBP,Base Waste Bin Pullout,Waste Bin Pullout,—,—,BC,AC,TTS,ST,STD,600,720,560,15,fulltb,legs,No,No,No,4.65,ANY,19.731,4,1,1HB,No,Yes,No,No,No,Yes,Yes,No,No,Yes,Yes,No
,BCL-SH-CJ-ST-1SX-LHS-XXX-450-720-336-15,BCL-SH-CJ-ST-1SX-LHS-XXX-450-720-336-15,BCL,Base — Low Depth,SH,Base Shutter,Single door (handed),—,LHS,BCL,SH,CJ,ST,XCJ,450,720,336,15,fulltb,legs,No,No,Yes,3.49,ANY,12.529,5,1,,Yes,No,Yes,Yes,Yes,No,No,Yes,Yes,Yes,Yes,No
,BCL-SH-CJ-ST-1SX-RHS-XXX-450-720-336-15,BCL-SH-CJ-ST-1SX-RHS-XXX-450-720-336-15,BCL,Base — Low Depth,SH,Base Shutter,Single door (handed),—,RHS,BCL,SH,CJ,ST,XCJ,450,720,336,15,fulltb,legs,No,No,Yes,3.49,ANY,12.529,5,1,,Yes,No,Yes,Yes,Yes,No,No,Yes,Yes,Yes,Yes,No
,BCL-SH-CJ-ST-1SX-LHS-XXX-600-720-336-15,BCL-SH-CJ-ST-1SX-LHS-XXX-600-720-336-15,BCL,Base — Low Depth,SH,Base Shutter,Single door (handed),—,LHS,BCL,SH,CJ,ST,XCJ,600,720,336,15,fulltb,legs,No,No,Yes,4.65,ANY,15.162,5,1,,Yes,No,Yes,Yes,Yes,No,No,Yes,Yes,Yes,Yes,No
,BCL-SH-CJ-ST-1SX-RHS-XXX-600-720-336-15,BCL-SH-CJ-ST-1SX-RHS-XXX-600-720-336-15,BCL,Base — Low Depth,SH,Base Shutter,Single door (handed),—,RHS,BCL,SH,CJ,ST,XCJ,600,720,336,15,fulltb,legs,No,No,Yes,4.65,ANY,15.162,5,1,,Yes,No,Yes,Yes,Yes,No,No,Yes,Yes,Yes,Yes,No
,BCL-SH-STD-ST-1SX-LHS-XXX-450-720-336-15,BCL-SH-TTS-ST-1SX-LHS-XXX-450-720-336-15,BCL,Base — Low Depth,SH,Base Shutter,Single door (handed),—,LHS,BCL,SH,TTS,ST,STD,450,720,336,15,fulltb,legs,No,No,Yes,3.49,ANY,12.64,5,1,,No,Yes,No,No,No,Yes,Yes,No,No,Yes,Yes,No
,BCL-SH-STD-ST-1SX-RHS-XXX-450-720-336-15,BCL-SH-TTS-ST-1SX-RHS-XXX-450-720-336-15,BCL,Base — Low Depth,SH,Base Shutter,Single door (handed),—,RHS,BCL,SH,TTS,ST,STD,450,720,336,15,fulltb,legs,No,No,Yes,3.49,ANY,12.64,5,1,,No,Yes,No,No,No,Yes,Yes,No,No,Yes,Yes,No
,BCL-SH-STD-ST-1SX-LHS-XXX-600-720-336-15,BCL-SH-TTS-ST-1SX-LHS-XXX-600-720-336-15,BCL,Base — Low Depth,SH,Base Shutter,Single door (handed),—,LHS,BCL,SH,TTS,ST,STD,600,720,336,15,fulltb,legs,No,No,Yes,4.65,ANY,15.311,5,1,,No,Yes,No,No,No,Yes,Yes,No,No,Yes,Yes,No
,BCL-SH-STD-ST-1SX-RHS-XXX-600-720-336-15,BCL-SH-TTS-ST-1SX-RHS-XXX-600-720-336-15,BCL,Base — Low Depth,SH,Base Shutter,Single door (handed),—,RHS,BCL,SH,TTS,ST,STD,600,720,336,15,fulltb,legs,No,No,Yes,4.65,ANY,15.311,5,1,,No,Yes,No,No,No,Yes,Yes,No,No,Yes,Yes,No
,BB-AC-CJ-ST-LMC-LHS-XXX-1050-720-560-15,BB-AC-CJ-ST-LMC-LHS-XXX-1050-720-560-15,BB,Base Blind,LMC,LeMans Corner,LeMans (handed),—,LHS,BB,AC,CJ,ST,XCJ,1050,720,560,15,fulltb,legs,No,Yes,No,8.14,ANY,28.219,4,2,,Yes,No,Yes,Yes,Yes,No,No,Yes,Yes,Yes,Yes,No
,BB-AC-CJ-ST-LMC-RHS-XXX-1050-720-560-15,BB-AC-CJ-ST-LMC-RHS-XXX-1050-720-560-15,BB,Base Blind,LMC,LeMans Corner,LeMans (handed),—,RHS,BB,AC,CJ,ST,XCJ,1050,720,560,15,fulltb,legs,No,Yes,No,8.14,ANY,28.219,4,2,,Yes,No,Yes,Yes,Yes,No,No,Yes,Yes,Yes,Yes,No
,BB-AC-STD-ST-LMC-LHS-XXX-1050-720-560-15,BB-AC-TTS-ST-LMC-LHS-XXX-1050-720-560-15,BB,Base Blind,LMC,LeMans Corner,LeMans (handed),—,LHS,BB,AC,STD,ST,STD,1050,720,560,15,fulltb,legs,No,Yes,No,8.14,ANY,28.479,4,2,,No,Yes,No,No,No,Yes,Yes,No,No,Yes,Yes,No
,BB-AC-STD-ST-LMC-RHS-XXX-1050-720-560-15,BB-AC-TTS-ST-LMC-RHS-XXX-1050-720-560-15,BB,Base Blind,LMC,LeMans Corner,LeMans (handed),—,RHS,BB,AC,STD,ST,STD,1050,720,560,15,fulltb,legs,No,Yes,No,8.14,ANY,28.479,4,2,,No,Yes,No,No,No,Yes,Yes,No,No,Yes,Yes,No
,BB-SH-CJ-ST-1SX-LHS-XXX-1150-720-560-15,BB-SH-CJ-ST-1SX-LHS-XXX-1150-720-560-15,BB,Base Blind,BSH,Blind + Shelf,Blind shelf (handed),—,LHS,BB,SH,CJ,ST,XCJ,1150,720,560,15,fulltb,legs,No,Yes,No,8.91,ANY,36.379,5,2,,Yes,No,Yes,Yes,Yes,No,No,Yes,Yes,Yes,Yes,No
,BB-SH-CJ-ST-1SX-RHS-XXX-1150-720-560-15,BB-SH-CJ-ST-1SX-RHS-XXX-1150-720-560-15,BB,Base Blind,BSH,Blind + Shelf,Blind shelf (handed),—,RHS,BB,SH,CJ,ST,XCJ,1150,720,560,15,fulltb,legs,No,Yes,No,8.91,ANY,36.379,5,2,,Yes,No,Yes,Yes,Yes,No,No,Yes,Yes,Yes,Yes,No
,BB-SH-STD-ST-1SX-LHS-XXX-1150-720-560-15,BB-SH-TTS-ST-1SX-LHS-XXX-1150-720-560-15,BB,Base Blind,BSH,Blind + Shelf,Blind shelf (handed),—,LHS,BB,SH,TTS,ST,STD,1150,720,560,15,fulltb,legs,No,Yes,No,8.91,ANY,36.664,5,2,,No,Yes,No,No,No,Yes,Yes,No,No,Yes,Yes,No
,BB-SH-STD-ST-1SX-RHS-XXX-1150-720-560-15,BB-SH-TTS-ST-1SX-RHS-XXX-1150-720-560-15,BB,Base Blind,BSH,Blind + Shelf,Blind shelf (handed),—,RHS,BB,SH,TTS,ST,STD,1150,720,560,15,fulltb,legs,No,Yes,No,8.91,ANY,36.664,5,2,,No,Yes,No,No,No,Yes,Yes,No,No,Yes,Yes,No
,BBL-SH-CJ-ST-1SX-LHS-XXX-1150-720-336-15,BBL-SH-CJ-ST-1SX-LHS-XXX-1150-720-336-15,BBL,Base Blind — Low Depth,BSH,Blind + Shelf,Blind shelf (handed),—,LHS,BBL,SH,CJ,ST,XCJ,1150,720,336,15,fulltb,legs,No,Yes,Yes,8.91,ANY,24.818,5,2,,Yes,No,Yes,Yes,Yes,No,No,Yes,Yes,Yes,Yes,No
,BBL-SH-CJ-ST-1SX-RHS-XXX-1150-720-336-15,BBL-SH-CJ-ST-1SX-RHS-XXX-1150-720-336-15,BBL,Base Blind — Low Depth,BSH,Blind + Shelf,Blind shelf (handed),—,RHS,BBL,SH,CJ,ST,XCJ,1150,720,336,15,fulltb,legs,No,Yes,Yes,8.91,ANY,24.818,5,2,,Yes,No,Yes,Yes,Yes,No,No,Yes,Yes,Yes,Yes,No
,BBL-SH-STD-ST-1SX-LHS-XXX-1150-720-336-15,BBL-SH-TTS-ST-1SX-LHS-XXX-1150-720-336-15,BBL,Base Blind — Low Depth,BSH,Blind + Shelf,Blind shelf (handed),—,LHS,BBL,SH,TTS,ST,STD,1150,720,336,15,fulltb,legs,No,Yes,Yes,8.91,ANY,25.102,5,2,,No,Yes,No,No,No,Yes,Yes,No,No,Yes,Yes,No
,BBL-SH-STD-ST-1SX-RHS-XXX-1150-720-336-15,BBL-SH-TTS-ST-1SX-RHS-XXX-1150-720-336-15,BBL,Base Blind — Low Depth,BSH,Blind + Shelf,Blind shelf (handed),—,RHS,BBL,SH,TTS,ST,STD,1150,720,336,15,fulltb,legs,No,Yes,Yes,8.91,ANY,25.102,5,2,,No,Yes,No,No,No,Yes,Yes,No,No,Yes,Yes,No
,WC-SH-STD-GL-3SG-LHS-XXX-450-1085-336-15,WC-SH-NHX-GL-3SG-LHS-XXX-450-1085-336-15,WC,Wall,WGL,Wall Glass Shutter,Single door (handed),—,LHS,WC,SH,STD,GL,NHX,450,1085,336,15,fullsides,wall,No,No,No,5.26,ANY,15.071,3,1,,No,No,No,No,No,No,No,No,No,Yes,No,Yes
,WC-SH-STD-GL-3SG-RHS-XXX-450-1085-336-15,WC-SH-NHX-GL-3SG-RHS-XXX-450-1085-336-15,WC,Wall,WGL,Wall Glass Shutter,Single door (handed),—,RHS,WC,SH,STD,GL,NHX,450,1085,336,15,fullsides,wall,No,No,No,5.26,ANY,15.071,3,1,,No,No,No,No,No,No,No,No,No,Yes,No,Yes
,WC-SH-STD-GL-1SG-LHS-XXX-450-725-336-15,WC-SH-NHX-GL-1SG-LHS-XXX-450-725-336-15,WC,Wall,WGL,Wall Glass Shutter,Single door (handed),—,LHS,WC,SH,STD,GL,NHX,450,725,336,15,fullsides,wall,No,No,No,3.51,ANY,10.971,3,1,,No,No,No,No,No,No,No,No,No,Yes,No,Yes
,WC-SH-STD-GL-1SG-RHS-XXX-450-725-336-15,WC-SH-NHX-GL-1SG-RHS-XXX-450-725-336-15,WC,Wall,WGL,Wall Glass Shutter,Single door (handed),—,RHS,WC,SH,STD,GL,NHX,450,725,336,15,fullsides,wall,No,No,No,3.51,ANY,10.971,3,1,,No,No,No,No,No,No,No,No,No,Yes,No,Yes
,WC-SH-STD-GL-3SG-LHS-XXX-500-1085-336-15,WC-SH-NHX-GL-3SG-LHS-XXX-500-1085-336-15,WC,Wall,WGL,Wall Glass Shutter,Single door (handed),—,LHS,WC,SH,STD,GL,NHX,500,1085,336,15,fullsides,wall,No,No,No,5.84,ANY,15.99,3,1,,No,No,No,No,No,No,No,No,No,Yes,No,Yes
,WC-SH-STD-GL-3SG-RHS-XXX-500-1085-336-15,WC-SH-NHX-GL-3SG-RHS-XXX-500-1085-336-15,WC,Wall,WGL,Wall Glass Shutter,Single door (handed),—,RHS,WC,SH,STD,GL,NHX,500,1085,336,15,fullsides,wall,No,No,No,5.84,ANY,15.99,3,1,,No,No,No,No,No,No,No,No,No,Yes,No,Yes
,WC-SH-STD-GL-1SG-LHS-XXX-500-725-336-15,WC-SH-NHX-GL-1SG-LHS-XXX-500-725-336-15,WC,Wall,WGL,Wall Glass Shutter,Single door (handed),—,LHS,WC,SH,STD,GL,NHX,500,725,336,15,fullsides,wall,No,No,No,3.90,ANY,11.697,3,1,,No,No,No,No,No,No,No,No,No,Yes,No,Yes
,WC-SH-STD-GL-1SG-RHS-XXX-500-725-336-15,WC-SH-NHX-GL-1SG-RHS-XXX-500-725-336-15,WC,Wall,WGL,Wall Glass Shutter,Single door (handed),—,RHS,WC,SH,STD,GL,NHX,500,725,336,15,fullsides,wall,No,No,No,3.90,ANY,11.697,3,1,,No,No,No,No,No,No,No,No,No,Yes,No,Yes
,WC-SH-STD-GL-3SG-LHS-XXX-550-1085-336-15,WC-SH-NHX-GL-3SG-LHS-XXX-550-1085-336-15,WC,Wall,WGL,Wall Glass Shutter,Single door (handed),—,LHS,WC,SH,STD,GL,NHX,550,1085,336,15,fullsides,wall,No,No,No,6.42,ANY,16.91,3,1,,No,No,No,No,No,No,No,No,No,Yes,No,Yes
,WC-SH-STD-GL-3SG-RHS-XXX-550-1085-336-15,WC-SH-NHX-GL-3SG-RHS-XXX-550-1085-336-15,WC,Wall,WGL,Wall Glass Shutter,Single door (handed),—,RHS,WC,SH,STD,GL,NHX,550,1085,336,15,fullsides,wall,No,No,No,6.42,ANY,16.91,3,1,,No,No,No,No,No,No,No,No,No,Yes,No,Yes
,WC-SH-STD-GL-1SG-LHS-XXX-550-725-336-15,WC-SH-NHX-GL-1SG-LHS-XXX-550-725-336-15,WC,Wall,WGL,Wall Glass Shutter,Single door (handed),—,LHS,WC,SH,STD,GL,NHX,550,725,336,15,fullsides,wall,No,No,No,4.29,ANY,12.422,3,1,,No,No,No,No,No,No,No,No,No,Yes,No,Yes
,WC-SH-STD-GL-1SG-RHS-XXX-550-725-336-15,WC-SH-NHX-GL-1SG-RHS-XXX-550-725-336-15,WC,Wall,WGL,Wall Glass Shutter,Single door (handed),—,RHS,WC,SH,STD,GL,NHX,550,725,336,15,fullsides,wall,No,No,No,4.29,ANY,12.422,3,1,,No,No,No,No,No,No,No,No,No,Yes,No,Yes
,WC-SH-STD-GL-3SG-LHS-XXX-600-1085-336-15,WC-SH-NHX-GL-3SG-LHS-XXX-600-1085-336-15,WC,Wall,WGL,Wall Glass Shutter,Single door (handed),—,LHS,WC,SH,STD,GL,NHX,600,1085,336,15,fullsides,wall,No,No,No,7.01,ANY,17.829,3,1,,No,No,No,No,No,No,No,No,No,Yes,No,Yes
,WC-SH-STD-GL-3SG-RHS-XXX-600-1085-336-15,WC-SH-NHX-GL-3SG-RHS-XXX-600-1085-336-15,WC,Wall,WGL,Wall Glass Shutter,Single door (handed),—,RHS,WC,SH,STD,GL,NHX,600,1085,336,15,fullsides,wall,No,No,No,7.01,ANY,17.829,3,1,,No,No,No,No,No,No,No,No,No,Yes,No,Yes
,WC-SH-STD-GL-1SG-LHS-XXX-600-725-336-15,WC-SH-NHX-GL-1SG-LHS-XXX-600-725-336-15,WC,Wall,WGL,Wall Glass Shutter,Single door (handed),—,LHS,WC,SH,STD,GL,NHX,600,725,336,15,fullsides,wall,No,No,No,4.68,ANY,13.148,3,1,,No,No,No,No,No,No,No,No,No,Yes,No,Yes
,WC-SH-STD-GL-1SG-RHS-XXX-600-725-336-15,WC-SH-NHX-GL-1SG-RHS-XXX-600-725-336-15,WC,Wall,WGL,Wall Glass Shutter,Single door (handed),—,RHS,WC,SH,STD,GL,NHX,600,725,336,15,fullsides,wall,No,No,No,4.68,ANY,13.148,3,1,,No,No,No,No,No,No,No,No,No,Yes,No,Yes
,WC-SH-STD-GL-3SG-2HS-XXX-850-1085-336-15,WC-SH-NHX-GL-3SG-2HS-XXX-850-1085-336-15,WC,Wall,WGL,Wall Glass Shutter,Double door,—,—,WC,SH,STD,GL,NHX,850,1085,336,15,fullsides,wall,No,No,No,9.93,ANY,22.425,3,2,3S 4H,No,No,No,No,No,No,No,No,No,Yes,No,Yes
,WC-SH-STD-GL-1SG-2HS-XXX-850-725-336-15,WC-SH-NHX-GL-1SG-2HS-XXX-850-725-336-15,WC,Wall,WGL,Wall Glass Shutter,Double door,—,—,WC,SH,STD,GL,NHX,850,725,336,15,fullsides,wall,No,No,No,6.63,ANY,16.775,3,2,3S 4H,No,No,No,No,No,No,No,No,No,Yes,No,Yes
,WC-SH-STD-GL-3SG-2HS-XXX-900-1085-336-15,WC-SH-NHX-GL-3SG-2HS-XXX-900-1085-336-15,WC,Wall,WGL,Wall Glass Shutter,Double door,—,—,WC,SH,STD,GL,NHX,900,1085,336,15,fullsides,wall,No,No,No,10.51,ANY,23.344,3,2,3S 4H,No,No,No,No,No,No,No,No,No,Yes,No,Yes
,WC-SH-STD-GL-1SG-2HS-XXX-900-725-336-15,WC-SH-NHX-GL-1SG-2HS-XXX-900-725-336-15,WC,Wall,WGL,Wall Glass Shutter,Double door,—,—,WC,SH,STD,GL,NHX,900,725,336,15,fullsides,wall,No,No,No,7.02,ANY,17.501,3,2,3S 4H,No,No,No,No,No,No,No,No,No,Yes,No,Yes
,WC-SH-STD-ST-3SG-LHS-XXX-450-1085-336-15,WC-SH-NHX-ST-3SG-LHS-XXX-450-1085-336-15,WC,Wall,WST,Wall Stone Shutter,Single door (handed),—,LHS,WC,SH,STD,ST,NHX,450,1085,336,15,fullsides,wall,No,No,No,5.26,ANY,15.071,3,1,,Yes,Yes,Yes,Yes,Yes,Yes,Yes,Yes,Yes,Yes,Yes,Yes
,WC-SH-STD-ST-3SG-RHS-XXX-450-1085-336-15,WC-SH-NHX-ST-3SG-RHS-XXX-450-1085-336-15,WC,Wall,WST,Wall Stone Shutter,Single door (handed),—,RHS,WC,SH,STD,ST,NHX,450,1085,336,15,fullsides,wall,No,No,No,5.26,ANY,15.071,3,1,,Yes,Yes,Yes,Yes,Yes,Yes,Yes,Yes,Yes,Yes,Yes,Yes
,WC-SH-STD-ST-1SG-LHS-XXX-450-725-336-15,WC-SH-NHX-ST-1SG-LHS-XXX-450-725-336-15,WC,Wall,WST,Wall Stone Shutter,Single door (handed),—,LHS,WC,SH,STD,ST,NHX,450,725,336,15,fullsides,wall,No,No,No,3.51,ANY,10.971,3,1,,Yes,Yes,Yes,Yes,Yes,Yes,Yes,Yes,Yes,Yes,Yes,Yes
,WC-SH-STD-ST-1SG-RHS-XXX-450-725-336-15,WC-SH-NHX-ST-1SG-RHS-XXX-450-725-336-15,WC,Wall,WST,Wall Stone Shutter,Single door (handed),—,RHS,WC,SH,STD,ST,NHX,450,725,336,15,fullsides,wall,No,No,No,3.51,ANY,10.971,3,1,,Yes,Yes,Yes,Yes,Yes,Yes,Yes,Yes,Yes,Yes,Yes,Yes
,WC-SH-STD-ST-3SG-LHS-XXX-500-1085-336-15,WC-SH-NHX-ST-3SG-LHS-XXX-500-1085-336-15,WC,Wall,WST,Wall Stone Shutter,Single door (handed),—,LHS,WC,SH,STD,ST,NHX,500,1085,336,15,fullsides,wall,No,No,No,5.84,ANY,15.99,3,1,,Yes,Yes,Yes,Yes,Yes,Yes,Yes,Yes,Yes,Yes,Yes,Yes
,WC-SH-STD-ST-3SG-RHS-XXX-500-1085-336-15,WC-SH-NHX-ST-3SG-RHS-XXX-500-1085-336-15,WC,Wall,WST,Wall Stone Shutter,Single door (handed),—,RHS,WC,SH,STD,ST,NHX,500,1085,336,15,fullsides,wall,No,No,No,5.84,ANY,15.99,3,1,,Yes,Yes,Yes,Yes,Yes,Yes,Yes,Yes,Yes,Yes,Yes,Yes
,WC-SH-STD-ST-1SG-LHS-XXX-500-725-336-15,WC-SH-NHX-ST-1SG-LHS-XXX-500-725-336-15,WC,Wall,WST,Wall Stone Shutter,Single door (handed),—,LHS,WC,SH,STD,ST,NHX,500,725,336,15,fullsides,wall,No,No,No,3.90,ANY,11.697,3,1,,Yes,Yes,Yes,Yes,Yes,Yes,Yes,Yes,Yes,Yes,Yes,Yes
,WC-SH-STD-ST-1SG-RHS-XXX-500-725-336-15,WC-SH-NHX-ST-1SG-RHS-XXX-500-725-336-15,WC,Wall,WST,Wall Stone Shutter,Single door (handed),—,RHS,WC,SH,STD,ST,NHX,500,725,336,15,fullsides,wall,No,No,No,3.90,ANY,11.697,3,1,,Yes,Yes,Yes,Yes,Yes,Yes,Yes,Yes,Yes,Yes,Yes,Yes
,WC-SH-STD-ST-3SG-LHS-XXX-550-1085-336-15,WC-SH-NHX-ST-3SG-LHS-XXX-550-1085-336-15,WC,Wall,WST,Wall Stone Shutter,Single door (handed),—,LHS,WC,SH,STD,ST,NHX,550,1085,336,15,fullsides,wall,No,No,No,6.42,ANY,16.91,3,1,,Yes,Yes,Yes,Yes,Yes,Yes,Yes,Yes,Yes,Yes,Yes,Yes
,WC-SH-STD-ST-3SG-RHS-XXX-550-1085-336-15,WC-SH-NHX-ST-3SG-RHS-XXX-550-1085-336-15,WC,Wall,WST,Wall Stone Shutter,Single door (handed),—,RHS,WC,SH,STD,ST,NHX,550,1085,336,15,fullsides,wall,No,No,No,6.42,ANY,16.91,3,1,,Yes,Yes,Yes,Yes,Yes,Yes,Yes,Yes,Yes,Yes,Yes,Yes
,WC-SH-STD-ST-1SG-LHS-XXX-550-725-336-15,WC-SH-NHX-ST-1SG-LHS-XXX-550-725-336-15,WC,Wall,WST,Wall Stone Shutter,Single door (handed),—,LHS,WC,SH,STD,ST,NHX,550,725,336,15,fullsides,wall,No,No,No,4.29,ANY,12.422,3,1,,Yes,Yes,Yes,Yes,Yes,Yes,Yes,Yes,Yes,Yes,Yes,Yes
,WC-SH-STD-ST-1SG-RHS-XXX-550-725-336-15,WC-SH-NHX-ST-1SG-RHS-XXX-550-725-336-15,WC,Wall,WST,Wall Stone Shutter,Single door (handed),—,RHS,WC,SH,STD,ST,NHX,550,725,336,15,fullsides,wall,No,No,No,4.29,ANY,12.422,3,1,,Yes,Yes,Yes,Yes,Yes,Yes,Yes,Yes,Yes,Yes,Yes,Yes
,WC-SH-STD-ST-3SG-LHS-XXX-600-1085-336-15,WC-SH-NHX-ST-3SG-LHS-XXX-600-1085-336-15,WC,Wall,WST,Wall Stone Shutter,Single door (handed),—,LHS,WC,SH,STD,ST,NHX,600,1085,336,15,fullsides,wall,No,No,No,7.01,ANY,17.829,3,1,,Yes,Yes,Yes,Yes,Yes,Yes,Yes,Yes,Yes,Yes,Yes,Yes
,WC-SH-STD-ST-3SG-RHS-XXX-600-1085-336-15,WC-SH-NHX-ST-3SG-RHS-XXX-600-1085-336-15,WC,Wall,WST,Wall Stone Shutter,Single door (handed),—,RHS,WC,SH,STD,ST,NHX,600,1085,336,15,fullsides,wall,No,No,No,7.01,ANY,17.829,3,1,,Yes,Yes,Yes,Yes,Yes,Yes,Yes,Yes,Yes,Yes,Yes,Yes
,WC-SH-STD-ST-1SG-LHS-XXX-600-725-336-15,WC-SH-NHX-ST-1SG-LHS-XXX-600-725-336-15,WC,Wall,WST,Wall Stone Shutter,Single door (handed),—,LHS,WC,SH,STD,ST,NHX,600,725,336,15,fullsides,wall,No,No,No,4.68,ANY,13.148,3,1,,Yes,Yes,Yes,Yes,Yes,Yes,Yes,Yes,Yes,Yes,Yes,Yes
,WC-SH-STD-ST-1SG-RHS-XXX-600-725-336-15,WC-SH-NHX-ST-1SG-RHS-XXX-600-725-336-15,WC,Wall,WST,Wall Stone Shutter,Single door (handed),—,RHS,WC,SH,STD,ST,NHX,600,725,336,15,fullsides,wall,No,No,No,4.68,ANY,13.148,3,1,,Yes,Yes,Yes,Yes,Yes,Yes,Yes,Yes,Yes,Yes,Yes,Yes
,WC-SH-STD-ST-3SG-2HS-XXX-850-1085-336-15,WC-SH-NHX-ST-3SG-2HS-XXX-850-1085-336-15,WC,Wall,WST,Wall Stone Shutter,Double door,—,—,WC,SH,STD,ST,NHX,850,1085,336,15,fullsides,wall,No,No,No,9.93,ANY,22.425,3,2,1S 3H,Yes,Yes,Yes,Yes,Yes,Yes,Yes,Yes,Yes,Yes,Yes,Yes
,WC-SH-STD-ST-1SG-2HS-XXX-850-725-336-15,WC-SH-NHX-ST-1SG-2HS-XXX-850-725-336-15,WC,Wall,WST,Wall Stone Shutter,Double door,—,—,WC,SH,STD,ST,NHX,850,725,336,15,fullsides,wall,No,No,No,6.63,ANY,16.775,3,2,1S 3H,Yes,Yes,Yes,Yes,Yes,Yes,Yes,Yes,Yes,Yes,Yes,Yes
,WC-SH-STD-ST-3SG-2HS-XXX-900-1085-336-15,WC-SH-NHX-ST-3SG-2HS-XXX-900-1085-336-15,WC,Wall,WST,Wall Stone Shutter,Double door,—,—,WC,SH,STD,ST,NHX,900,1085,336,15,fullsides,wall,No,No,No,10.51,ANY,23.344,3,2,1S 3H,Yes,Yes,Yes,Yes,Yes,Yes,Yes,Yes,Yes,Yes,Yes,Yes
,WC-SH-STD-ST-1SG-2HS-XXX-900-725-336-15,WC-SH-NHX-ST-1SG-2HS-XXX-900-725-336-15,WC,Wall,WST,Wall Stone Shutter,Double door,—,—,WC,SH,STD,ST,NHX,900,725,336,15,fullsides,wall,No,No,No,7.02,ANY,17.501,3,2,1S 3H,Yes,Yes,Yes,Yes,Yes,Yes,Yes,Yes,Yes,Yes,Yes,Yes
,WC-OP-STD-ST-3SG-XXX-XXX-300-1085-336-15,WC-OP-NHX-ST-3SG-XXX-XXX-300-1085-336-15,WC,Wall,WOP,Wall Open Shelf,Open (no door),—,—,WC,OP,STD,ST,NHX,300,1085,336,15,fullsides,wall,No,No,No,3.50,ANY,12.313,3,0,3S JD,No,No,No,No,No,No,No,No,No,No,No,No
,WC-OP-STD-ST-1SG-XXX-XXX-300-725-336-15,WC-OP-NHX-ST-1SG-XXX-XXX-300-725-336-15,WC,Wall,WOP,Wall Open Shelf,Open (no door),—,—,WC,OP,STD,ST,NHX,300,725,336,15,fullsides,wall,No,No,No,2.34,ANY,8.795,3,0,3S JD,No,No,No,No,No,No,No,No,No,No,No,No
,WC-AC-STD-ST-2SG-LHS-DSH-600-1085-336-15,WC-AC-NHX-ST-2SG-LHS-DSH-600-1085-336-15,WC,Wall,WDR,Wall Dish Rack,Single door (handed),—,LHS,WC,AC,STD,ST,NHX,600,1085,336,15,fullsides,wall,No,No,No,7.01,ANY,15.913,3,1,,Yes,Yes,Yes,Yes,Yes,Yes,Yes,Yes,Yes,Yes,Yes,Yes
,WC-AC-STD-ST-2SG-RHS-DSH-600-1085-336-15,WC-AC-NHX-ST-2SG-RHS-DSH-600-1085-336-15,WC,Wall,WDR,Wall Dish Rack,Single door (handed),—,RHS,WC,AC,STD,ST,NHX,600,1085,336,15,fullsides,wall,No,No,No,7.01,ANY,15.913,3,1,,Yes,Yes,Yes,Yes,Yes,Yes,Yes,Yes,Yes,Yes,Yes,Yes
,WC-AC-STD-ST-XXX-LHS-DSH-600-725-336-15,WC-AC-NHX-ST-XXX-LHS-DSH-600-725-336-15,WC,Wall,WDR,Wall Dish Rack,Single door (handed),—,LHS,WC,AC,STD,ST,NHX,600,725,336,15,fullsides,wall,No,No,No,4.68,ANY,11.116,3,1,,Yes,Yes,Yes,Yes,Yes,Yes,Yes,Yes,Yes,Yes,Yes,Yes
,WC-AC-STD-ST-XXX-RHS-DSH-600-725-336-15,WC-AC-NHX-ST-XXX-RHS-DSH-600-725-336-15,WC,Wall,WDR,Wall Dish Rack,Single door (handed),—,RHS,WC,AC,STD,ST,NHX,600,725,336,15,fullsides,wall,No,No,No,4.68,ANY,11.116,3,1,,Yes,Yes,Yes,Yes,Yes,Yes,Yes,Yes,Yes,Yes,Yes,Yes
,WC-AC-STD-ST-2SG-2HS-DSH-900-1085-336-15,WC-AC-NHX-ST-2SG-2HS-DSH-900-1085-336-15,WC,Wall,WDR,Wall Dish Rack,Double door,—,—,WC,AC,STD,ST,NHX,900,1085,336,15,fullsides,wall,No,No,No,10.51,ANY,20.295,3,2,2S 4H,Yes,Yes,Yes,Yes,Yes,Yes,Yes,Yes,Yes,Yes,Yes,Yes
,WC-AC-STD-ST-XXX-2HS-DSH-900-725-336-15,WC-AC-NHX-ST-XXX-2HS-DSH-900-725-336-15,WC,Wall,WDR,Wall Dish Rack,Double door,—,—,WC,AC,STD,ST,NHX,900,725,336,15,fullsides,wall,No,No,No,7.02,ANY,14.335,3,2,2S 4H,Yes,Yes,Yes,Yes,Yes,Yes,Yes,Yes,Yes,Yes,Yes,Yes
,WB-SH-STD-ST-3SG-LHS-XXX-900-1085-336-15,WB-SH-NHX-ST-3SG-LHS-XXX-900-1085-336-15,WB,Wall Blind,WST,Wall Stone Shutter,Single door (handed),—,LHS,WB,SH,STD,ST,NHX,900,1085,336,15,fullsides,wall,No,Yes,No,10.51,ANY,23.344,3,2,,Yes,Yes,Yes,Yes,Yes,Yes,Yes,Yes,Yes,Yes,Yes,Yes
,WB-SH-STD-ST-3SG-RHS-XXX-900-1085-336-15,WB-SH-NHX-ST-3SG-RHS-XXX-900-1085-336-15,WB,Wall Blind,WST,Wall Stone Shutter,Single door (handed),—,RHS,WB,SH,STD,ST,NHX,900,1085,336,15,fullsides,wall,No,Yes,No,10.51,ANY,23.344,3,2,,Yes,Yes,Yes,Yes,Yes,Yes,Yes,Yes,Yes,Yes,Yes,Yes
,WB-SH-STD-ST-1SG-LHS-XXX-900-725-336-15,WB-SH-NHX-ST-1SG-LHS-XXX-900-725-336-15,WB,Wall Blind,WST,Wall Stone Shutter,Single door (handed),—,LHS,WB,SH,STD,ST,NHX,900,725,336,15,fullsides,wall,No,Yes,No,7.02,ANY,17.501,3,2,,Yes,Yes,Yes,Yes,Yes,Yes,Yes,Yes,Yes,Yes,Yes,Yes
,WB-SH-STD-ST-1SG-RHS-XXX-900-725-336-15,WB-SH-NHX-ST-1SG-RHS-XXX-900-725-336-15,WB,Wall Blind,WST,Wall Stone Shutter,Single door (handed),—,RHS,WB,SH,STD,ST,NHX,900,725,336,15,fullsides,wall,No,Yes,No,7.02,ANY,17.501,3,2,,Yes,Yes,Yes,Yes,Yes,Yes,Yes,Yes,Yes,Yes,Yes,Yes
,TC-SH-STD-ST-6SX-LHS-XXX-450-2400-560-15,TC-SH-TTS-ST-6SX-LHS-XXX-450-2400-560-15,TC,Tall,SHF,Tall Shelf Stone (full shutter),Single door (handed),—,LHS,TC,SH,STD,ST,TTS,450,2400,560,15,fulltb,legs,Yes,No,No,11.62,ANY,57.522,5,1,,Yes,Yes,Yes,Yes,Yes,Yes,Yes,Yes,Yes,Yes,Yes,Yes
,TC-SH-STD-ST-6SX-RHS-XXX-450-2400-560-15,TC-SH-TTS-ST-6SX-RHS-XXX-450-2400-560-15,TC,Tall,SHF,Tall Shelf Stone (full shutter),Single door (handed),—,RHS,TC,SH,STD,ST,TTS,450,2400,560,15,fulltb,legs,Yes,No,No,11.62,ANY,57.522,5,1,,Yes,Yes,Yes,Yes,Yes,Yes,Yes,Yes,Yes,Yes,Yes,Yes
,TC-SH-STD-ST-6SX-LHS-XXX-450-2040-560-15,TC-SH-TTS-ST-5SX-LHS-XXX-450-2040-560-15,TC,Tall,SHF,Tall Shelf Stone (full shutter),Single door (handed),—,LHS,TC,SH,STD,ST,TTS,450,2040,560,15,fulltb,legs,Yes,No,No,9.88,ANY,51.686,5,1,,Yes,Yes,Yes,Yes,Yes,Yes,Yes,Yes,Yes,Yes,Yes,Yes
,TC-SH-STD-ST-6SX-RHS-XXX-450-2040-560-15,TC-SH-TTS-ST-5SX-RHS-XXX-450-2040-560-15,TC,Tall,SHF,Tall Shelf Stone (full shutter),Single door (handed),—,RHS,TC,SH,STD,ST,TTS,450,2040,560,15,fulltb,legs,Yes,No,No,9.88,ANY,51.686,5,1,,Yes,Yes,Yes,Yes,Yes,Yes,Yes,Yes,Yes,Yes,Yes,Yes
,TC-SH-STD-ST-6SX-LHS-XXX-600-2400-560-15,TC-SH-TTS-ST-6SX-LHS-XXX-600-2400-560-15,TC,Tall,SHF,Tall Shelf Stone (full shutter),Single door (handed),—,LHS,TC,SH,STD,ST,TTS,600,2400,560,15,fulltb,legs,Yes,No,No,15.50,ANY,68.101,5,1,,Yes,Yes,Yes,Yes,Yes,Yes,Yes,Yes,Yes,Yes,Yes,Yes
,TC-SH-STD-ST-6SX-RHS-XXX-600-2400-560-15,TC-SH-TTS-ST-6SX-RHS-XXX-600-2400-560-15,TC,Tall,SHF,Tall Shelf Stone (full shutter),Single door (handed),—,RHS,TC,SH,STD,ST,TTS,600,2400,560,15,fulltb,legs,Yes,No,No,15.50,ANY,68.101,5,1,,Yes,Yes,Yes,Yes,Yes,Yes,Yes,Yes,Yes,Yes,Yes,Yes
,TC-SH-STD-ST-6SX-LHS-XXX-600-2040-560-15,TC-SH-TTS-ST-5SX-LHS-XXX-600-2040-560-15,TC,Tall,SHF,Tall Shelf Stone (full shutter),Single door (handed),—,LHS,TC,SH,STD,ST,TTS,600,2040,560,15,fulltb,legs,Yes,No,No,13.17,ANY,61.684,5,1,,Yes,Yes,Yes,Yes,Yes,Yes,Yes,Yes,Yes,Yes,Yes,Yes
,TC-SH-STD-ST-6SX-RHS-XXX-600-2040-560-15,TC-SH-TTS-ST-5SX-RHS-XXX-600-2040-560-15,TC,Tall,SHF,Tall Shelf Stone (full shutter),Single door (handed),—,RHS,TC,SH,STD,ST,TTS,600,2040,560,15,fulltb,legs,Yes,No,No,13.17,ANY,61.684,5,1,,Yes,Yes,Yes,Yes,Yes,Yes,Yes,Yes,Yes,Yes,Yes,Yes
,TC-SH-STD-ST-6SX-2HS-XXX-900-2400-560-15,TC-SH-TTS-ST-6SX-2HS-XXX-900-2400-560-15,TC,Tall,SHF,Tall Shelf Stone (full shutter),Double door,—,—,TC,SH,STD,ST,TTS,900,2400,560,15,fulltb,legs,Yes,No,No,23.25,ANY,89.258,5,2,,Yes,Yes,Yes,Yes,Yes,Yes,Yes,Yes,Yes,Yes,Yes,Yes
,TC-SH-STD-ST-6SX-2HS-XXX-900-2040-560-15,TC-SH-TTS-ST-5SX-2HS-XXX-900-2040-560-15,TC,Tall,SHF,Tall Shelf Stone (full shutter),Double door,—,—,TC,SH,STD,ST,TTS,900,2040,560,15,fulltb,legs,Yes,No,No,19.76,ANY,81.679,5,2,,Yes,Yes,Yes,Yes,Yes,Yes,Yes,Yes,Yes,Yes,Yes,Yes
,TC-SH-STD-GL-6SG-LHS-XXX-450-2400-560-15,TC-SH-STD-GL-6SG-LHS-XXX-450-2400-560-15,TC,Tall,SHFG,Tall Shelf Glass (full shutter),Single door (handed),—,LHS,TC,SH,STD,GL,STD,450,2400,560,15,fulltb,legs,Yes,No,No,11.62,ANY,43.826,4,1,,No,No,No,No,No,No,No,No,No,Yes,No,Yes
,TC-SH-STD-GL-6SG-RHS-XXX-450-2400-560-15,TC-SH-STD-GL-6SG-RHS-XXX-450-2400-560-15,TC,Tall,SHFG,Tall Shelf Glass (full shutter),Single door (handed),—,RHS,TC,SH,STD,GL,STD,450,2400,560,15,fulltb,legs,Yes,No,No,11.62,ANY,43.826,4,1,,No,No,No,No,No,No,No,No,No,Yes,No,Yes
,TC-SH-STD-GL-6SG-LHS-XXX-450-2040-560-15,TC-SH-STD-GL-5SG-LHS-XXX-450-2040-560-15,TC,Tall,SHFG,Tall Shelf Glass (full shutter),Single door (handed),—,LHS,TC,SH,STD,GL,STD,450,2040,560,15,fulltb,legs,Yes,No,No,9.88,ANY,37.99,4,1,,No,No,No,No,No,No,No,No,No,Yes,No,Yes
,TC-SH-STD-GL-6SG-RHS-XXX-450-2040-560-15,TC-SH-STD-GL-5SG-RHS-XXX-450-2040-560-15,TC,Tall,SHFG,Tall Shelf Glass (full shutter),Single door (handed),—,RHS,TC,SH,STD,GL,STD,450,2040,560,15,fulltb,legs,Yes,No,No,9.88,ANY,37.99,4,1,,No,No,No,No,No,No,No,No,No,Yes,No,Yes
,TC-SH-STD-GL-6SG-LHS-XXX-600-2400-560-15,TC-SH-STD-GL-6SG-LHS-XXX-600-2400-560-15,TC,Tall,SHFG,Tall Shelf Glass (full shutter),Single door (handed),—,LHS,TC,SH,STD,GL,STD,600,2400,560,15,fulltb,legs,Yes,No,No,15.50,ANY,49.454,4,1,,No,No,No,No,No,No,No,No,No,Yes,No,Yes
,TC-SH-STD-GL-6SG-RHS-XXX-600-2400-560-15,TC-SH-STD-GL-6SG-RHS-XXX-600-2400-560-15,TC,Tall,SHFG,Tall Shelf Glass (full shutter),Single door (handed),—,RHS,TC,SH,STD,GL,STD,600,2400,560,15,fulltb,legs,Yes,No,No,15.50,ANY,49.454,4,1,,No,No,No,No,No,No,No,No,No,Yes,No,Yes
,TC-SH-STD-GL-6SG-LHS-XXX-600-2040-560-15,TC-SH-STD-GL-5SG-LHS-XXX-600-2040-560-15,TC,Tall,SHFG,Tall Shelf Glass (full shutter),Single door (handed),—,LHS,TC,SH,STD,GL,STD,600,2040,560,15,fulltb,legs,Yes,No,No,13.17,ANY,43.037,4,1,,No,No,No,No,No,No,No,No,No,Yes,No,Yes
,TC-SH-STD-GL-6SG-RHS-XXX-600-2040-560-15,TC-SH-STD-GL-5SG-RHS-XXX-600-2040-560-15,TC,Tall,SHFG,Tall Shelf Glass (full shutter),Single door (handed),—,RHS,TC,SH,STD,GL,STD,600,2040,560,15,fulltb,legs,Yes,No,No,13.17,ANY,43.037,4,1,,No,No,No,No,No,No,No,No,No,Yes,No,Yes
,TC-SH-STD-GL-6SG-2HS-XXX-900-2400-560-15,TC-SH-STD-GL-6SG-2HS-XXX-900-2400-560-15,TC,Tall,SHFG,Tall Shelf Glass (full shutter),Double door,—,—,TC,SH,STD,GL,STD,900,2400,560,15,fulltb,legs,Yes,No,No,23.25,ANY,60.711,4,2,,No,No,No,No,No,No,No,No,No,Yes,No,Yes
,TC-SH-STD-GL-6SG-2HS-XXX-900-2040-560-15,TC-SH-STD-GL-5SG-2HS-XXX-900-2040-560-15,TC,Tall,SHFG,Tall Shelf Glass (full shutter),Double door,—,—,TC,SH,STD,GL,STD,900,2040,560,15,fulltb,legs,Yes,No,No,19.76,ANY,53.132,4,2,,No,No,No,No,No,No,No,No,No,Yes,No,Yes
,TC-AP-STD-ST-3SX-1HB-LHS-600-2400-560-15,TC-MO-TTS-ST-3SX-1HB-LHS-600-2400-560-15,TC,Tall,APP,Tall Appliance + DW,#ERROR!,—,LHS,TC,MO,STD,ST,TTS,600,2400,560,15,fulltb,legs,Yes,No,No,15.50,ANY,66.553,9,2,,Yes,Yes,Yes,Yes,Yes,Yes,Yes,Yes,Yes,Yes,Yes,No
,TC-AP-STD-ST-3SX-1HB-RHS-600-2400-560-15,TC-MO-TTS-ST-3SX-1HB-RHS-600-2400-560-15,TC,Tall,APP,Tall Appliance + DW,#ERROR!,—,RHS,TC,MO,STD,ST,TTS,600,2400,560,15,fulltb,legs,Yes,No,No,15.50,ANY,66.553,9,2,,Yes,Yes,Yes,Yes,Yes,Yes,Yes,Yes,Yes,Yes,Yes,No
,TC-AP-STD-ST-1SX-1HB-LHS-600-2040-560-15,TC-MO-TTS-ST-1SX-1HB-LHS-600-2040-560-15,TC,Tall,APP,Tall Appliance + DW,#ERROR!,—,LHS,TC,MO,STD,ST,TTS,600,2040,560,15,fulltb,legs,Yes,No,No,13.17,ANY,53.92,9,2,,Yes,Yes,Yes,Yes,Yes,Yes,Yes,Yes,Yes,Yes,Yes,No
,TC-AP-STD-ST-1SX-1HB-RHS-600-2040-560-15,TC-MO-TTS-ST-1SX-1HB-RHS-600-2040-560-15,TC,Tall,APP,Tall Appliance + DW,#ERROR!,—,RHS,TC,MO,STD,ST,TTS,600,2040,560,15,fulltb,legs,Yes,No,No,13.17,ANY,53.92,9,2,,Yes,Yes,Yes,Yes,Yes,Yes,Yes,Yes,Yes,Yes,Yes,No
,TC-AP-STD-ST-3SX-2HB-LHS-600-2400-560-15,TC-CF-TTS-ST-3SX-2HB-LHS-600-2400-560-15,TC,Tall,APP,Tall Appliance + DW,#ERROR!,—,LHS,TC,CF,STD,ST,TTS,600,2400,560,15,fulltb,legs,Yes,No,No,15.50,ANY,69.727,9,3,,Yes,Yes,Yes,Yes,Yes,Yes,Yes,Yes,Yes,Yes,Yes,No
,TC-AP-STD-ST-3SX-2HB-RHS-600-2400-560-15,TC- CF-TTS-ST-3SX-2HB-RHS-600-2400-560-15,TC,Tall,APP,Tall Appliance + DW,#ERROR!,—,RHS,TC,CF,STD,ST,TTS,600,2400,560,15,fulltb,legs,Yes,No,No,15.50,ANY,69.727,9,3,,Yes,Yes,Yes,Yes,Yes,Yes,Yes,Yes,Yes,Yes,Yes,No
,TC-AP-STD-ST-1SX-2HB-LHS-600-2040-560-15,TC-CF-TTS-ST-1SX-2HB-LHS-600-2040-560-15,TC,Tall,APP,Tall Appliance + DW,#ERROR!,—,LHS,TC,CF,STD,ST,TTS,600,2040,560,15,fulltb,legs,Yes,No,No,13.17,ANY,57.095,9,3,,Yes,Yes,Yes,Yes,Yes,Yes,Yes,Yes,Yes,Yes,Yes,No
,TC-AP-STD-ST-1SX-2HB-RHS-600-2040-560-15,TC-CF-TTS-ST-1SX-2HB-RHS-600-2040-560-15,TC,Tall,APP,Tall Appliance + DW,#ERROR!,—,RHS,TC,CF,STD,ST,TTS,600,2040,560,15,fulltb,legs,Yes,No,No,13.17,ANY,57.095,9,3,,Yes,Yes,Yes,Yes,Yes,Yes,Yes,Yes,Yes,Yes,Yes,No
,,TC-MW-TTS-ST-3SX-2HB-LHS-600-2400-560-15,TC,Tall,APP,Tall Appliance + DW,,,LHS,TC,MW,STD,ST,TTS,600,2400,560,15,fulltb,legs,Yes,No,No,15.50,ANY,,,,,,,,,,,,,,,,
,,TC- MW-TTS-ST-3SX-2HB-RHS-600-2400-560-15,TC,Tall,APP,Tall Appliance + DW,,,RHS,TC,MW,STD,ST,TTS,600,2400,560,15,fulltb,legs,Yes,No,No,15.50,ANY,,,,,,,,,,,,,,,,
,,TC-MW-TTS-ST-1SX-2HB-LHS-600-2040-560-15,TC,Tall,APP,Tall Appliance + DW,,,LHS,TC,MW,STD,ST,TTS,600,2040,560,15,fulltb,legs,Yes,No,No,13.17,ANY,,,,,,,,,,,,,,,,
,,TC-MW--TTS-ST-1SX-2HB-RHS-600-2040-560-15,TC,Tall,APP,Tall Appliance + DW,,,RHS,TC,MW,STD,ST,TTS,600,2040,560,15,fulltb,legs,Yes,No,No,13.17,ANY,,,,,,,,,,,,,,,,
,,TC-OV-TTS-ST-3SX-2HB-LHS-600-2400-560-15,TC,Tall,APP,Tall Appliance + DW,,,LHS,TC,OV,STD,ST,TTS,600,2400,560,15,fulltb,legs,Yes,No,No,15.50,ANY,,,,,,,,,,,,,,,,
,,TC- OV-TTS-ST-3SX-2HB-RHS-600-2400-560-15,TC,Tall,APP,Tall Appliance + DW,,,RHS,TC,OV,STD,ST,TTS,600,2400,560,15,fulltb,legs,Yes,No,No,15.50,ANY,,,,,,,,,,,,,,,,
,,TC-OV-TTS-ST-1SX-2HB-LHS-600-2040-560-15,TC,Tall,APP,Tall Appliance + DW,,,LHS,TC,OV,STD,ST,TTS,600,2040,560,15,fulltb,legs,Yes,No,No,13.17,ANY,,,,,,,,,,,,,,,,
,,TC-OV--TTS-ST-1SX-2HB-RHS-600-2040-560-15,TC,Tall,APP,Tall Appliance + DW,,,RHS,TC,OV,STD,ST,TTS,600,2040,560,15,fulltb,legs,Yes,No,No,13.17,ANY,,,,,,,,,,,,,,,,
,TC-AC-STD-ST-1SX-LHS-TPT-600-2400-560-15,TC-AC-TTS-ST-1SX-LHS-TPT-600-2400-560-15,TC,Tall,PAN,Tall Tandem Pantry,Pantry (handed),—,LHS,TC,AC,STD,ST,TTS,600,2400,560,15,fulltb,legs,Yes,No,No,15.50,ANY,52.562,5,1,,Yes,Yes,Yes,Yes,Yes,Yes,Yes,Yes,Yes,Yes,Yes,Yes
,TC-AC-STD-ST-1SX-RHS-TPT-600-2400-560-15,TC-AC-TTS-ST-1SX-RHS-TPT-600-2400-560-15,TC,Tall,PAN,Tall Tandem Pantry,Pantry (handed),—,RHS,TC,AC,STD,ST,TTS,600,2400,560,15,fulltb,legs,Yes,No,No,15.50,ANY,52.562,5,1,,Yes,Yes,Yes,Yes,Yes,Yes,Yes,Yes,Yes,Yes,Yes,Yes
,TC-AC-STD-ST-1SX-LHS-TPT-600-2040-560-15,TC-AC-TTS-ST-XXX-LHS-TPT-600-2040-560-15,TC,Tall,PAN,Tall Tandem Pantry,Pantry (handed),—,LHS,TC,AC,STD,ST,TTS,600,2040,560,15,fulltb,legs,Yes,No,No,13.17,ANY,46.145,5,1,,Yes,Yes,Yes,Yes,Yes,Yes,Yes,Yes,Yes,Yes,Yes,Yes
,TC-AC-STD-ST-1SX-RHS-TPT-600-2040-560-15,TC-AC-TTS-ST-XXX-RHS-TPT-600-2040-560-15,TC,Tall,PAN,Tall Tandem Pantry,Pantry (handed),—,RHS,TC,AC,STD,ST,TTS,600,2040,560,15,fulltb,legs,Yes,No,No,13.17,ANY,46.145,5,1,,Yes,Yes,Yes,Yes,Yes,Yes,Yes,Yes,Yes,Yes,Yes,Yes
,TC-DW-STD-ST-1SX-LHS-5BD-600-2400-560-15,TC-DW-TTS-ST-2SX-LHS-5BD-600-2400-560-15,TC,Tall,DPN,Tall Drawer Pantry Stone,Drawer pantry (handed),—,LHS,TC,DW,STD,ST,TTS,600,2400,560,15,fulltb,legs,Yes,No,No,15.50,ANY,75.241,11,1,,Yes,Yes,Yes,Yes,Yes,Yes,Yes,Yes,Yes,Yes,Yes,Yes
,TC-DW-STD-ST-1SX-RHS-5BD-600-2400-560-15,TC-DW-TTS-ST-2SX-RHS-5BD-600-2400-560-15,TC,Tall,DPN,Tall Drawer Pantry Stone,Drawer pantry (handed),—,RHS,TC,DW,STD,ST,TTS,600,2400,560,15,fulltb,legs,Yes,No,No,15.50,ANY,75.241,11,1,,Yes,Yes,Yes,Yes,Yes,Yes,Yes,Yes,Yes,Yes,Yes,Yes
,TC-DW-STD-ST-1SX-LHS-5BD-600-2040-560-15,TC-DW-TTS-ST-1SX-LHS-5BD-600-2040-560-15,TC,Tall,DPN,Tall Drawer Pantry Stone,Drawer pantry (handed),—,LHS,TC,DW,STD,ST,TTS,600,2040,560,15,fulltb,legs,Yes,No,No,13.17,ANY,68.824,11,1,,Yes,Yes,Yes,Yes,Yes,Yes,Yes,Yes,Yes,Yes,Yes,Yes
,TC-DW-STD-ST-1SX-RHS-5BD-600-2040-560-15,TC-DW-TTS-ST-1SX-RHS-5BD-600-2040-560-15,TC,Tall,DPN,Tall Drawer Pantry Stone,Drawer pantry (handed),—,RHS,TC,DW,STD,ST,TTS,600,2040,560,15,fulltb,legs,Yes,No,No,13.17,ANY,68.824,11,1,,Yes,Yes,Yes,Yes,Yes,Yes,Yes,Yes,Yes,Yes,Yes,Yes
,TC-PO-STD-ST-2SX-LHS-4PO-600-2400-560-15,TC-PO-TTS-ST-2SX-LHS-4PO-600-2400-560-15,TC,Tall,PPN,Tall PO Shelf Pantry Stone,Pullout pantry (handed),—,LHS,TC,PO,STD,ST,TTS,600,2400,560,15,fulltb,legs,Yes,No,No,15.50,ANY,55.67,5,1,,Yes,Yes,Yes,Yes,Yes,Yes,Yes,Yes,Yes,Yes,Yes,Yes
,TC-PO-STD-ST-2SX-RHS-4PO-600-2400-560-15,TC-PO-TTS-ST-2SX-RHS-4PO-600-2400-560-15,TC,Tall,PPN,Tall PO Shelf Pantry Stone,Pullout pantry (handed),—,RHS,TC,PO,STD,ST,TTS,600,2400,560,15,fulltb,legs,Yes,No,No,15.50,ANY,55.67,5,1,,Yes,Yes,Yes,Yes,Yes,Yes,Yes,Yes,Yes,Yes,Yes,Yes
,TC-PO-STD-ST-2SX-LHS-4PO-600-2040-560-15,TC-PO-TTS-ST-1SX-LHS-4PO-600-2040-560-15,TC,Tall,PPN,Tall PO Shelf Pantry Stone,Pullout pantry (handed),—,LHS,TC,PO,STD,ST,TTS,600,2040,560,15,fulltb,legs,Yes,No,No,13.17,ANY,49.253,5,1,,Yes,Yes,Yes,Yes,Yes,Yes,Yes,Yes,Yes,Yes,Yes,Yes
,TC-PO-STD-ST-2SX-RHS-4PO-600-2040-560-15,TC-PO-TTS-ST-1SX-RHS-4PO-600-2040-560-15,TC,Tall,PPN,Tall PO Shelf Pantry Stone,Pullout pantry (handed),—,RHS,TC,PO,STD,ST,TTS,600,2040,560,15,fulltb,legs,Yes,No,No,13.17,ANY,49.253,5,1,,Yes,Yes,Yes,Yes,Yes,Yes,Yes,Yes,Yes,Yes,Yes,Yes
,TC-REF-STD-ST-1SX-LHS-XXX-600-2400-560-15,TC-REF-TTS-ST-1SX-LHS-XXX-600-2400-560-15,TC,Tall,REF,Tall Refrigerator,Fridge (handed),—,LHS,TC,REF,STD,ST,TTS,600,2400,560,15,fulltb,legs,Yes,No,No,15.49997094,ANY,44.679,6,1,,Yes,Yes,Yes,Yes,Yes,Yes,Yes,Yes,Yes,Yes,Yes,Yes
,TC-REF-STD-ST-1SX-RHS-XXX-600-2400-560-15,TC-REF-TTS-ST-1SX-RHS-XXX-600-2400-560-15,TC,Tall,REF,Tall Refrigerator,Fridge (handed),—,RHS,TC,REF,STD,ST,TTS,600,2400,560,15,fulltb,legs,Yes,No,No,15.49997094,ANY,44.679,6,1,,Yes,Yes,Yes,Yes,Yes,Yes,Yes,Yes,Yes,Yes,Yes,Yes
,TC-REF-STD-ST-1SX-LHS-XXX-600-2040-560-15,TC-REF-TTS-ST-XXX-LHS-XXX-600-2040-560-15,TC,Tall,REF,Tall Refrigerator,Fridge (handed),—,LHS,TC,REF,STD,ST,TTS,600,2040,560,15,fulltb,legs,Yes,No,No,13.17,ANY,30.816,3,1,,Yes,Yes,Yes,Yes,Yes,Yes,Yes,Yes,Yes,Yes,Yes,Yes
,TC-REF-STD-ST-1SX-RHS-XXX-600-2040-560-15,TC-REF-TTS-ST-XXX-RHS-XXX-600-2040-560-15,TC,Tall,REF,Tall Refrigerator,Fridge (handed),—,RHS,TC,REF,STD,ST,TTS,600,2040,560,15,fulltb,legs,Yes,No,No,13.17,ANY,30.816,3,1,,Yes,Yes,Yes,Yes,Yes,Yes,Yes,Yes,Yes,Yes,Yes,Yes
,TB-SH-STD-ST-6SX-LHS-XXX-1150-2400-560-15,TB-SH-TTS-ST-6SX-LHS-XXX-1150-2400-560-15,TB,Tall Blind,BLND,Tall Blind Stone Shelf,Blind shelf (handed),—,LHS,TB,SH,STD,ST,TTS,1150,2400,560,15,fulltb,legs,Yes,Yes,No,29.71,ANY,106.889,5,2,,Yes,Yes,Yes,Yes,Yes,Yes,Yes,Yes,Yes,Yes,Yes,Yes
,TB-SH-STD-ST-6SX-RHS-XXX-1150-2400-560-15,TB-SH-TTS-ST-6SX-RHS-XXX-1150-2400-560-15,TB,Tall Blind,BLND,Tall Blind Stone Shelf,Blind shelf (handed),—,RHS,TB,SH,STD,ST,TTS,1150,2400,560,15,fulltb,legs,Yes,Yes,No,29.71,ANY,106.889,5,2,,Yes,Yes,Yes,Yes,Yes,Yes,Yes,Yes,Yes,Yes,Yes,Yes
,TB-SH-STD-ST-6SX-LHS-XXX-1150-2040-560-15,TB-SH-TTS-ST-5SX-LHS-XXX-1150-2040-560-15,TB,Tall Blind,BLND,Tall Blind Stone Shelf,Blind shelf (handed),—,LHS,TB,SH,STD,ST,TTS,1150,2040,560,15,fulltb,legs,Yes,Yes,No,25.25,ANY,98.341,5,2,,Yes,Yes,Yes,Yes,Yes,Yes,Yes,Yes,Yes,Yes,Yes,Yes
,TB-SH-STD-ST-6SX-RHS-XXX-1150-2040-560-15,TB-SH-TTS-ST-5SX-RHS-XXX-1150-2040-560-15,TB,Tall Blind,BLND,Tall Blind Stone Shelf,Blind shelf (handed),—,RHS,TB,SH,STD,ST,TTS,1150,2040,560,15,fulltb,legs,Yes,Yes,No,25.25,ANY,98.341,5,2,,Yes,Yes,Yes,Yes,Yes,Yes,Yes,Yes,Yes,Yes,Yes,Yes
,TCL-SH-STD-ST-6SX-LHS-XXX-450-2400-336-15,TCL-SH-TTS-ST-6SX-LHS-XXX-450-2400-336-15,TCL,Tall — Low Depth,LOWS,Tall Shelf Stone (Low),Shelf low (handed),—,LHS,TCL,SH,STD,ST,TTS,450,2400,336,15,fulltb,legs,Yes,No,Yes,11.62,ANY,37.919,5,1,,Yes,Yes,Yes,Yes,Yes,Yes,Yes,Yes,Yes,Yes,Yes,Yes
,TCL-SH-STD-ST-6SX-RHS-XXX-450-2400-336-15,TCL-SH-TTS-ST-6SX-RHS-XXX-450-2400-336-15,TCL,Tall — Low Depth,LOWS,Tall Shelf Stone (Low),Shelf low (handed),—,RHS,TCL,SH,STD,ST,TTS,450,2400,336,15,fulltb,legs,Yes,No,Yes,11.62,ANY,37.919,5,1,,Yes,Yes,Yes,Yes,Yes,Yes,Yes,Yes,Yes,Yes,Yes,Yes
,TCL-SH-STD-ST-6SX-LHS-XXX-450-2040-336-15,TCL-SH-TTS-ST-5SX-LHS-XXX-450-2040-336-15,TCL,Tall — Low Depth,LOWS,Tall Shelf Stone (Low),Shelf low (handed),—,LHS,TCL,SH,STD,ST,TTS,450,2040,336,15,fulltb,legs,Yes,No,Yes,9.88,ANY,33.82,5,1,,Yes,Yes,Yes,Yes,Yes,Yes,Yes,Yes,Yes,Yes,Yes,Yes
,TCL-SH-STD-ST-6SX-RHS-XXX-450-2040-336-15,TCL-SH-TTS-ST-5SX-RHS-XXX-450-2040-336-15,TCL,Tall — Low Depth,LOWS,Tall Shelf Stone (Low),Shelf low (handed),—,RHS,TCL,SH,STD,ST,TTS,450,2040,336,15,fulltb,legs,Yes,No,Yes,9.88,ANY,33.82,5,1,,Yes,Yes,Yes,Yes,Yes,Yes,Yes,Yes,Yes,Yes,Yes,Yes
,TCL-SH-STD-ST-6SX-LHS-XXX-600-2400-336-15,TCL-SH-TTS-ST-6SX-LHS-XXX-600-2400-336-15,TCL,Tall — Low Depth,LOWS,Tall Shelf Stone (Low),Shelf low (handed),—,LHS,TCL,SH,STD,ST,TTS,600,2400,336,15,fulltb,legs,Yes,No,Yes,15.50,ANY,45.605,5,1,,Yes,Yes,Yes,Yes,Yes,Yes,Yes,Yes,Yes,Yes,Yes,Yes
,TCL-SH-STD-ST-6SX-RHS-XXX-600-2400-336-15,TCL-SH-TTS-ST-6SX-RHS-XXX-600-2400-336-15,TCL,Tall — Low Depth,LOWS,Tall Shelf Stone (Low),Shelf low (handed),—,RHS,TCL,SH,STD,ST,TTS,600,2400,336,15,fulltb,legs,Yes,No,Yes,15.50,ANY,45.605,5,1,,Yes,Yes,Yes,Yes,Yes,Yes,Yes,Yes,Yes,Yes,Yes,Yes
,TCL-SH-STD-ST-6SX-LHS-XXX-600-2040-336-15,TCL-SH-TTS-ST-5SX-LHS-XXX-600-2040-336-15,TCL,Tall — Low Depth,LOWS,Tall Shelf Stone (Low),Shelf low (handed),—,LHS,TCL,SH,STD,ST,TTS,600,2040,336,15,fulltb,legs,Yes,No,Yes,13.17,ANY,40.924,5,1,,Yes,Yes,Yes,Yes,Yes,Yes,Yes,Yes,Yes,Yes,Yes,Yes
,TCL-SH-STD-ST-6SX-RHS-XXX-600-2040-336-15,TCL-SH-TTS-ST-5SX-RHS-XXX-600-2040-336-15,TCL,Tall — Low Depth,LOWS,Tall Shelf Stone (Low),Shelf low (handed),—,RHS,TCL,SH,STD,ST,TTS,600,2040,336,15,fulltb,legs,Yes,No,Yes,13.17,ANY,40.924,5,1,,Yes,Yes,Yes,Yes,Yes,Yes,Yes,Yes,Yes,Yes,Yes,Yes
,TCL-SH-STD-GL-6SG-LHS-XXX-450-2400-336-15,TCL-SH-STD-GL-6SG-LHS-XXX-450-2400-336-15,TCL,Tall — Low Depth,LOWSG,Tall Shelf Glass (Low),Shelf low (handed),—,LHS,TCL,SH,STD,GL,STD,450,2400,336,15,fulltb,legs,Yes,No,Yes,11.62,ANY,30.227,4,1,,No,No,No,No,No,No,No,No,No,Yes,No,Yes
,TCL-SH-STD-GL-6SG-RHS-XXX-450-2400-336-15,TCL-SH-STD-GL-6SG-RHS-XXX-450-2400-336-15,TCL,Tall — Low Depth,LOWSG,Tall Shelf Glass (Low),Shelf low (handed),—,RHS,TCL,SH,STD,GL,STD,450,2400,336,15,fulltb,legs,Yes,No,Yes,11.62,ANY,30.227,4,1,,No,No,No,No,No,No,No,No,No,Yes,No,Yes
,TCL-SH-STD-GL-6SG-LHS-XXX-450-2040-336-15,TCL-SH-STD-GL-5SG-LHS-XXX-450-2040-336-15,TCL,Tall — Low Depth,LOWSG,Tall Shelf Glass (Low),Shelf low (handed),—,LHS,TCL,SH,STD,GL,STD,450,2040,336,15,fulltb,legs,Yes,No,Yes,9.88,ANY,26.127,4,1,,No,No,No,No,No,No,No,No,No,Yes,No,Yes
,TCL-SH-STD-GL-6SG-RHS-XXX-450-2040-336-15,TCL-SH-STD-GL-5SG-RHS-XXX-450-2040-336-15,TCL,Tall — Low Depth,LOWSG,Tall Shelf Glass (Low),Shelf low (handed),—,RHS,TCL,SH,STD,GL,STD,450,2040,336,15,fulltb,legs,Yes,No,Yes,9.88,ANY,26.127,4,1,,No,No,No,No,No,No,No,No,No,Yes,No,Yes
,TCL-SH-STD-GL-6SG-LHS-XXX-600-2400-336-15,TCL-SH-STD-GL-6SG-LHS-XXX-600-2400-336-15,TCL,Tall — Low Depth,LOWSG,Tall Shelf Glass (Low),Shelf low (handed),—,LHS,TCL,SH,STD,GL,STD,600,2400,336,15,fulltb,legs,Yes,No,Yes,15.50,ANY,35.132,4,1,,No,No,No,No,No,No,No,No,No,Yes,No,Yes
,TCL-SH-STD-GL-6SG-RHS-XXX-600-2400-336-15,TCL-SH-STD-GL-6SG-RHS-XXX-600-2400-336-15,TCL,Tall — Low Depth,LOWSG,Tall Shelf Glass (Low),Shelf low (handed),—,RHS,TCL,SH,STD,GL,STD,600,2400,336,15,fulltb,legs,Yes,No,Yes,15.50,ANY,35.132,4,1,,No,No,No,No,No,No,No,No,No,Yes,No,Yes
,TCL-SH-STD-GL-6SG-LHS-XXX-600-2040-336-15,TCL-SH-STD-GL-5SG-LHS-XXX-600-2040-336-15,TCL,Tall — Low Depth,LOWSG,Tall Shelf Glass (Low),Shelf low (handed),—,LHS,TCL,SH,STD,GL,STD,600,2040,336,15,fulltb,legs,Yes,No,Yes,13.17,ANY,30.451,4,1,,No,No,No,No,No,No,No,No,No,Yes,No,Yes
,TCL-SH-STD-GL-6SG-RHS-XXX-600-2040-336-15,TCL-SH-STD-GL-5SG-RHS-XXX-600-2040-336-15,TCL,Tall — Low Depth,LOWSG,Tall Shelf Glass (Low),Shelf low (handed),—,RHS,TCL,SH,STD,GL,STD,600,2040,336,15,fulltb,legs,Yes,No,Yes,13.17,ANY,30.451,4,1,,No,No,No,No,No,No,No,No,No,Yes,No,Yes
,LO-SH-STD-ST-1SX-LHS-XXX-450-600-336-15,LO-SH-NHX-ST-1SX-LHS-XXX-450-600-336-15,LO,Loft,LST,Loft Stone Shutter,Single door (handed),—,LHS,LO,SH,STD,ST,NHX,450,600,336,15,fullsides,wall,No,No,No,2.91,ANY,9.719,3,1,,Yes,Yes,Yes,Yes,Yes,Yes,Yes,Yes,Yes,Yes,Yes,Yes
,LO-SH-STD-ST-1SX-RHS-XXX-450-600-336-15,LO-SH-NHX-ST-1SX-RHS-XXX-450-600-336-15,LO,Loft,LST,Loft Stone Shutter,Single door (handed),—,RHS,LO,SH,STD,ST,NHX,450,600,336,15,fullsides,wall,No,No,No,2.91,ANY,9.719,3,1,,Yes,Yes,Yes,Yes,Yes,Yes,Yes,Yes,Yes,Yes,Yes,Yes
,LO-SH-STD-ST-1SX-LHS-XXX-550-600-336-15,LO-SH-NHX-ST-1SX-LHS-XXX-550-600-336-15,LO,Loft,LST,Loft Stone Shutter,Single door (handed),—,LHS,LO,SH,STD,ST,NHX,550,600,336,15,fullsides,wall,No,No,No,3.55,ANY,11.051,3,1,,Yes,Yes,Yes,Yes,Yes,Yes,Yes,Yes,Yes,Yes,Yes,Yes
,LO-SH-STD-ST-1SX-RHS-XXX-550-600-336-15,LO-SH-NHX-ST-1SX-RHS-XXX-550-600-336-15,LO,Loft,LST,Loft Stone Shutter,Single door (handed),—,RHS,LO,SH,STD,ST,NHX,550,600,336,15,fullsides,wall,No,No,No,3.55,ANY,11.051,3,1,,Yes,Yes,Yes,Yes,Yes,Yes,Yes,Yes,Yes,Yes,Yes,Yes
,LO-SH-STD-ST-1SX-LHS-XXX-600-600-336-15,LO-SH-NHX-ST-1SX-LHS-XXX-600-600-336-15,LO,Loft,LST,Loft Stone Shutter,Single door (handed),—,LHS,LO,SH,STD,ST,NHX,600,600,336,15,fullsides,wall,No,No,No,3.87,ANY,11.718,3,1,,Yes,Yes,Yes,Yes,Yes,Yes,Yes,Yes,Yes,Yes,Yes,Yes
,LO-SH-STD-ST-1SX-RHS-XXX-600-600-336-15,LO-SH-NHX-ST-1SX-RHS-XXX-600-600-336-15,LO,Loft,LST,Loft Stone Shutter,Single door (handed),—,RHS,LO,SH,STD,ST,NHX,600,600,336,15,fullsides,wall,No,No,No,3.87,ANY,11.718,3,1,,Yes,Yes,Yes,Yes,Yes,Yes,Yes,Yes,Yes,Yes,Yes,Yes
,LO-SH-STD-ST-1SX-2HS-XXX-850-600-336-15,LO-SH-NHX-ST-1SX-2HS-XXX-850-600-336-15,LO,Loft,LST,Loft Stone Shutter,Double door,—,—,LO,SH,STD,ST,NHX,850,600,336,15,fullsides,wall,No,No,No,5.49,ANY,15.049,3,2,1S 3H,Yes,Yes,Yes,Yes,Yes,Yes,Yes,Yes,Yes,Yes,Yes,Yes
,LO-SH-STD-GL-1SG-LHS-XXX-450-600-336-15,LO-SH-NHX-GL-1SG-LHS-XXX-450-600-336-15,LO,Loft,LGL,Loft Glass Shutter,Single door (handed),—,LHS,LO,SH,STD,GL,NHX,450,600,336,15,fullsides,wall,No,No,No,2.91,ANY,9.719,3,1,,No,No,No,No,No,No,No,No,No,Yes,No,Yes
,LO-SH-STD-GL-1SG-RHS-XXX-450-600-336-15,LO-SH-NHX-GL-1SG-RHS-XXX-450-600-336-15,LO,Loft,LGL,Loft Glass Shutter,Single door (handed),—,RHS,LO,SH,STD,GL,NHX,450,600,336,15,fullsides,wall,No,No,No,2.91,ANY,9.719,3,1,,No,No,No,No,No,No,No,No,No,Yes,No,Yes
,LO-SH-STD-GL-1SG-LHS-XXX-550-600-336-15,LO-SH-NHX-GL-1SG-LHS-XXX-550-600-336-15,LO,Loft,LGL,Loft Glass Shutter,Single door (handed),—,LHS,LO,SH,STD,GL,NHX,550,600,336,15,fullsides,wall,No,No,No,3.55,ANY,11.051,3,1,,No,No,No,No,No,No,No,No,No,Yes,No,Yes
,LO-SH-STD-GL-1SG-RHS-XXX-550-600-336-15,LO-SH-NHX-GL-1SG-RHS-XXX-550-600-336-15,LO,Loft,LGL,Loft Glass Shutter,Single door (handed),—,RHS,LO,SH,STD,GL,NHX,550,600,336,15,fullsides,wall,No,No,No,3.55,ANY,11.051,3,1,,No,No,No,No,No,No,No,No,No,Yes,No,Yes
,LO-SH-STD-GL-1SG-LHS-XXX-600-600-336-15,LO-SH-NHX-GL-1SG-LHS-XXX-600-600-336-15,LO,Loft,LGL,Loft Glass Shutter,Single door (handed),—,LHS,LO,SH,STD,GL,NHX,600,600,336,15,fullsides,wall,No,No,No,3.87,ANY,11.718,3,1,,No,No,No,No,No,No,No,No,No,Yes,No,Yes
,LO-SH-STD-GL-1SG-RHS-XXX-600-600-336-15,LO-SH-NHX-GL-1SG-RHS-XXX-600-600-336-15,LO,Loft,LGL,Loft Glass Shutter,Single door (handed),—,RHS,LO,SH,STD,GL,NHX,600,600,336,15,fullsides,wall,No,No,No,3.87,ANY,11.718,3,1,,No,No,No,No,No,No,No,No,No,Yes,No,Yes
,LO-SH-STD-GL-1SG-2HS-XXX-850-600-336-15,LO-SH-NHX-GL-1SG-2HS-XXX-850-600-336-15,LO,Loft,LGL,Loft Glass Shutter,Double door,—,—,LO,SH,STD,GL,NHX,850,600,336,15,fullsides,wall,No,No,No,5.49,ANY,15.049,3,2,1S 3H,No,No,No,No,No,No,No,No,No,Yes,No,Yes
,LB-SH-STD-ST-1SX-LHS-XXX-900-600-336-15,LB-SH-NHX-ST-1SX-LHS-XXX-900-600-336-15,LB,Loft Blind,LST,Loft Stone Shutter,Single door (handed),—,LHS,LB,SH,STD,ST,NHX,900,600,336,15,fullsides,wall,No,Yes,No,5.81,ANY,15.715,3,2,,Yes,Yes,Yes,Yes,Yes,Yes,Yes,Yes,Yes,Yes,Yes,Yes
,LB-SH-STD-ST-1SX-RHS-XXX-900-600-336-15,LB-SH-NHX-ST-1SX-RHS-XXX-900-600-336-15,LB,Loft Blind,LST,Loft Stone Shutter,Single door (handed),—,RHS,LB,SH,STD,ST,NHX,900,600,336,15,fullsides,wall,No,Yes,No,5.81,ANY,15.715,3,2,,Yes,Yes,Yes,Yes,Yes,Yes,Yes,Yes,Yes,Yes,Yes,Yes
,LBF-SH-STD-ST-1SX-LHS-XXX-1050-600-560-15,LBF-SH-STD-ST-1SX-LHS-XXX-1050-600-560-15,LBF,Loft Blind — Full Depth,LST,Loft Stone Shutter,Single door (handed),—,LHS,LBF,SH,STD,ST,STD,1050,600,560,15,fullsides,wall,No,Yes,No,6.78,ANY,25.526,3,2,,Yes,Yes,Yes,Yes,Yes,Yes,Yes,Yes,Yes,Yes,Yes,Yes
,LBF-SH-STD-ST-1SX-RHS-XXX-1050-600-560-15,LBF-SH-STD-ST-1SX-RHS-XXX-1050-600-560-15,LBF,Loft Blind — Full Depth,LST,Loft Stone Shutter,Single door (handed),—,RHS,LBF,SH,STD,ST,STD,1050,600,560,15,fullsides,wall,No,Yes,No,6.78,ANY,25.526,3,2,,Yes,Yes,Yes,Yes,Yes,Yes,Yes,Yes,Yes,Yes,Yes,Yes
,LOF-SH-STD-ST-1SX-LHS-XXX-450-600-560-15,LOF-SH-NHX-ST-1SX-LHS-XXX-450-600-560-15,LOF,Loft — Full Depth,LST,Loft Stone Shutter,Single door (handed),—,LHS,LOF,SH,STD,ST,NHX,450,600,560,15,fullsides,wall,No,No,No,2.91,ANY,14.637,3,1,,Yes,Yes,Yes,Yes,Yes,Yes,Yes,Yes,Yes,Yes,Yes,Yes
,LOF-SH-STD-ST-1SX-RHS-XXX-450-600-560-15,LOF-SH-NHX-ST-1SX-RHS-XXX-450-600-560-15,LOF,Loft — Full Depth,LST,Loft Stone Shutter,Single door (handed),—,RHS,LOF,SH,STD,ST,NHX,450,600,560,15,fullsides,wall,No,No,No,2.91,ANY,14.637,3,1,,Yes,Yes,Yes,Yes,Yes,Yes,Yes,Yes,Yes,Yes,Yes,Yes
,LOF-SH-STD-ST-1SX-LHS-XXX-500-600-560-15,LOF-SH-NHX-ST-1SX-LHS-XXX-500-600-560-15,LOF,Loft — Full Depth,LST,Loft Stone Shutter,Single door (handed),—,LHS,LOF,SH,STD,ST,NHX,500,600,560,15,fullsides,wall,No,No,No,3.23,ANY,15.545,3,1,,Yes,Yes,Yes,Yes,Yes,Yes,Yes,Yes,Yes,Yes,Yes,Yes
,LOF-SH-STD-ST-1SX-RHS-XXX-500-600-560-15,LOF-SH-NHX-ST-1SX-RHS-XXX-500-600-560-15,LOF,Loft — Full Depth,LST,Loft Stone Shutter,Single door (handed),—,RHS,LOF,SH,STD,ST,NHX,500,600,560,15,fullsides,wall,No,No,No,3.23,ANY,15.545,3,1,,Yes,Yes,Yes,Yes,Yes,Yes,Yes,Yes,Yes,Yes,Yes,Yes
,LOF-SH-STD-ST-1SX-LHS-XXX-600-600-560-15,LOF-SH-NHX-ST-1SX-LHS-XXX-600-600-560-15,LOF,Loft — Full Depth,LST,Loft Stone Shutter,Single door (handed),—,LHS,LOF,SH,STD,ST,NHX,600,600,560,15,fullsides,wall,No,No,No,3.87,ANY,17.36,3,1,,Yes,Yes,Yes,Yes,Yes,Yes,Yes,Yes,Yes,Yes,Yes,Yes
,LOF-SH-STD-ST-1SX-RHS-XXX-600-600-560-15,LOF-SH-NHX-ST-1SX-RHS-XXX-600-600-560-15,LOF,Loft — Full Depth,LST,Loft Stone Shutter,Single door (handed),—,RHS,LOF,SH,STD,ST,NHX,600,600,560,15,fullsides,wall,No,No,No,3.87,ANY,17.36,3,1,,Yes,Yes,Yes,Yes,Yes,Yes,Yes,Yes,Yes,Yes,Yes,Yes
,LOF-SH-STD-GL-1SG-LHS-XXX-450-600-560-15,LOF-SH-NHX-GL-1SG-LHS-XXX-450-600-560-15,LOF,Loft — Full Depth,LGL,Loft Glass Shutter,Single door (handed),—,LHS,LOF,SH,STD,GL,NHX,450,600,560,15,fullsides,wall,No,No,No,2.91,ANY,14.637,3,1,,No,No,No,No,No,No,No,No,No,Yes,No,Yes
,LOF-SH-STD-GL-1SG-RHS-XXX-450-600-560-15,LOF-SH-NHX-GL-1SG-RHS-XXX-450-600-560-15,LOF,Loft — Full Depth,LGL,Loft Glass Shutter,Single door (handed),—,RHS,LOF,SH,STD,GL,NHX,450,600,560,15,fullsides,wall,No,No,No,2.91,ANY,14.637,3,1,,No,No,No,No,No,No,No,No,No,Yes,No,Yes
,LOF-SH-STD-GL-1SG-LHS-XXX-500-600-560-15,LOF-SH-NHX-GL-1SG-LHS-XXX-500-600-560-15,LOF,Loft — Full Depth,LGL,Loft Glass Shutter,Single door (handed),—,LHS,LOF,SH,STD,GL,NHX,500,600,560,15,fullsides,wall,No,No,No,3.23,ANY,15.545,3,1,,No,No,No,No,No,No,No,No,No,Yes,No,Yes
,LOF-SH-STD-GL-1SG-RHS-XXX-500-600-560-15,LOF-SH-NHX-GL-1SG-RHS-XXX-500-600-560-15,LOF,Loft — Full Depth,LGL,Loft Glass Shutter,Single door (handed),—,RHS,LOF,SH,STD,GL,NHX,500,600,560,15,fullsides,wall,No,No,No,3.23,ANY,15.545,3,1,,No,No,No,No,No,No,No,No,No,Yes,No,Yes
,LOF-SH-STD-GL-1SG-LHS-XXX-600-600-560-15,LOF-SH-NHX-GL-1SG-LHS-XXX-600-600-560-15,LOF,Loft — Full Depth,LGL,Loft Glass Shutter,Single door (handed),—,LHS,LOF,SH,STD,GL,NHX,600,600,560,15,fullsides,wall,No,No,No,3.87,ANY,17.36,3,1,,No,No,No,No,No,No,No,No,No,Yes,No,Yes
,LOF-SH-STD-GL-1SG-RHS-XXX-600-600-560-15,LOF-SH-NHX-GL-1SG-RHS-XXX-600-600-560-15,LOF,Loft — Full Depth,LGL,Loft Glass Shutter,Single door (handed),—,RHS,LOF,SH,STD,GL,NHX,600,600,560,15,fullsides,wall,No,No,No,3.87,ANY,17.36,3,1,,No,No,No,No,No,No,No,No,No,Yes,No,Yes
,MD-RS-STD-ST-3SG-1SX-XXX-600-1650-336-15,MD-RS-NHX-ST-3SG-1SX-XXX-600-1650-336-15,MD,Mid Rolling Shutter,MDR,Rolling Shutter,Rolling shutter,—,—,MD,RS,STD,ST,NHX,600,1650,336,15,fullsides,wall,No,No,No,10.66,ANY,25.797,4,0,4S JD,No,No,No,No,No,No,No,No,No,No,No,No
,MD-RS-STD-ST-3SG-1SX-XXX-600-1290-336-15,MD-RS-NHX-ST-3SG-1SX-XXX-600-1290-336-15,MD,Mid Rolling Shutter,MDR,Rolling Shutter,Rolling shutter,—,—,MD,RS,STD,ST,NHX,600,1290,336,15,fullsides,wall,No,No,No,8.33,ANY,21,4,0,4S JD,No,No,No,No,No,No,No,No,No,No,No,No
,BC-BS-STD-GL-1SG-XXX-XXX-1170-720-336-15,BS-STD-GL-STD-1SG-XXX-XXX-720-336-15-,BC,Base,BS,Base Special,,,,BC,BS,STD,GL,STD,1170,720,336,15,,,,,,9.07,ANY,,,,,,,,,,,,,,,,
,BC-BS-STD-GL-1SG-XXX-XXX-940-720-336-15,BS-STD-GL-STD-1SG-XXX-XXX-720-336-15-,BC,Base,BS,Base Special,,,,BC,BS,STD,GL,STD,940,720,336,15,,,,,,7.28,ANY,,,,,,,,,,,,,,,,
,,TLC-SH-STD-ST-6SX-XXX-XXX-1150-2400-560-15,TC,Tall - L shape ,SHF,Tall L Shape Stone Shelf,Double door (handed),—,—,,,,,TTS,1050,2400,560,,,,,,,,,,,,,,,,,,,,,,,,
,,TLC-SH-STD-ST-5SX-XXX-XXX-1150-2040-560-15,TC,Tall - L shape ,SHF,Tall L Shape Stone Shelf,Double door (handed),—,—,,,,,TTS,1050,2040,560,,,,,,,,,,,,,,,,,,,,,,,,
,,BC-OP-XX-XX-XXX-XXX-XXX-1800-300-336-15,BC,Base,BC,,,,,,,,,NHX,1800,300,336,,,,,,,,,,,,,,,,,,,,,,,,
,,BC-OP-XX-XX-XXX-XXX-XXX-900-300-336-15,BC,Base,BC,,,,,,,,,NHX,900,300,336,,,,,,,,,,,,,,,,,,,,,,,,
,,BC-AC-CJ-ST-TR-LHS-XXX-600-720-560-15,BC,Base,,,,,,,,,,CJ,600,600,560,,,,,,,,,,,,,,,,,,,,,,,,
,,BC-AC-CJ-ST-TR-RHS-XXX-600-720-560-15,BC,Base,,,,,,,,,,CJ,600,600,560,,,,,,,,,,,,,,,,,,,,,,,,
,,BC-AC-TTS-ST-TR-LHS-XXX-600-720-560-15,BC,Base,,,,,,,,,,TTS,600,600,560,,,,,,,,,,,,,,,,,,,,,,,,
,,BC-AC-TTS-ST-TR-RHS-XXX-600-720-560-15,BC,Base,,,,,,,,,,TTS,600,600,560,,,,,,,,,,,,,,,,,,,,,,,,
,,MDW-SH-NHX-ST-4SG-LHS-XXX-450-1650-336-15,MD,Wall,,,,,,,,,,NHX,450,1650,336,,,,,,,,,,,,,,,,,,,,,,,,
,,MDW-SH-NHX-ST-4SG-RHS-XXX-450-1650-336-15,MD,Wall,,,,,,,,,,NHX,450,1650,336,,,,,,,,,,,,,,,,,,,,,,,,
,,MDW-SH-NHX-GL-4SG-LHS-XXX-450-1650-336-15,MD,Wall,,,,,,,,,,NHX,450,1650,336,,,,,,,,,,,,,,,,,,,,,,,,
,,MDW-SH-NHX-GL-4SG-RHS-XXX-450-1650-336-15,MD,Wall,,,,,,,,,,NHX,450,1650,336,,,,,,,,,,,,,,,,,,,,,,,,
,,MDW-SH-NHX-ST-3SG-LHS-XXX-450-1290-336-15,MD,Wall,,,,,,,,,,NHX,450,1290,336,,,,,,,,,,,,,,,,,,,,,,,,
,,MDW-SH-NHX-ST-3SG-RHS-XXX-450-1290-336-15,MD,Wall,,,,,,,,,,NHX,450,1290,336,,,,,,,,,,,,,,,,,,,,,,,,
,,MDW-SH-NHX-GL-3SG-LHS-XXX-450-1290-336-15,MD,Wall,,,,,,,,,,NHX,450,1290,336,,,,,,,,,,,,,,,,,,,,,,,,
,,MDW-SH-NHX-GL-3SG-RHS-XXX-450-1290-336-15,MD,Wall,,,,,,,,,,NHX,450,1290,336,,,,,,,,,,,,,,,,,,,,,,,,
,,MDW-SH-NHX-ST-4SG-LHS-XXX-600-1650-336-15,MD,Wall,,,,,,,,,,NHX,600,1650,336,,,,,,,,,,,,,,,,,,,,,,,,
,,MDW-SH-NHX-ST-4SG-RHS-XXX-600-1650-336-15,MD,Wall,,,,,,,,,,NHX,600,1650,336,,,,,,,,,,,,,,,,,,,,,,,,
,,MDW-SH-NHX-GL-4SG-LHS-XXX-600-1650-336-15,MD,Wall,,,,,,,,,,NHX,600,1650,336,,,,,,,,,,,,,,,,,,,,,,,,
,,MDW-SH-NHX-GL-4SG-RHS-XXX-600-1650-336-15,MD,Wall,,,,,,,,,,NHX,600,1650,336,,,,,,,,,,,,,,,,,,,,,,,,
,,MDW-SH-NHX-ST-3SG-LHS-XXX-600-1290-336-15,MD,Wall,,,,,,,,,,NHX,600,1290,336,,,,,,,,,,,,,,,,,,,,,,,,
,,MDW-SH-NHX-ST-3SG-RHS-XXX-600-1290-336-15,MD,Wall,,,,,,,,,,NHX,600,1290,336,,,,,,,,,,,,,,,,,,,,,,,,
,,MDW-SH-NHX-GL-3SG-LHS-XXX-600-1290-336-15,MD,Wall,,,,,,,,,,NHX,600,1290,336,,,,,,,,,,,,,,,,,,,,,,,,
,,MDW-SH-NHX-GL-3SG-RHS-XXX-600-1290-336-15,MD,Wall,,,,,,,,,,NHX,600,1290,336,,,,,,,,,,,,,,,,,,,,,,,,
,,MDT-OV-TTS-ST-1HB-1SX-XXX-600-1200-560-15,MD,Tall,,,,,,,,,,TTS,600,1200,560,,,,,,,,,,,,,,,,,,,,,,,,
,,MDT-MW-TTS-ST-1HB-1SX-XXX-600-1200-560-15,MD,Tall,,,,,,,,,,TTS,600,1200,560,,,,,,,,,,,,,,,,,,,,,,,,
,,WC-LU-NHX-ST-1SG-XXX-XXX-600-725-336-15,WC,Wall,,,,,,,,,,NHX,600,725,336,,,,,,,,,,,,,,,,,,,,,,,,
,,WC-LU-NHX-GL-1SG-XXX-XXX-600-725-336-15,WC,Wall,,,,,,,,,,NHX,600,725,336,,,,,,,,,,,,,,,,,,,,,,,,
,,WC-LU-NHX-ST-1SG-XXX-XXX-900-725-336-15,WC,Wall,,,,,,,,,,NHX,900,725,336,,,,,,,,,,,,,,,,,,,,,,,,
,,WC-LU-NHX-GL-1SG-XXX-XXX-900-725-336-15,WC,Wall,,,,,,,,,,NHX,900,725,336,,,,,,,,,,,,,,,,,,,,,,,,
,,BC-DW-CJ-ST-1HB-XXX-900-520-560-15,BC,Base,,,,,,,,,,CJ,900,520,560,,,,,,,,,,,,,,,,,,,,,,,,
,,BC-DW-TTS-ST-1HB-XXX-900-520-560-15,BC,Base,,,,,,,,,,TTS,900,520,560,,,,,,,,,,,,,,,,,,,,,,,,
,,BLC-SH-CJ-ST-1SX-XXX-1050-720-560-15,BC,Base,,,,,,,,,,CJ,1050,720,560,,,,,,,,,,,,,,,,,,,,,,,,
,,BLC-SH-TTS-ST-1SX-XXX-1050-720-560-15,BC,Base,,,,,,,,,,TTS,1050,720,560,,,,,,,,,,,,,,,,,,,,,,,,
,,WLC-SH-NHX-ST-3SG-XXX-900-1085-336-15,WC,Wall,,,,,,,,,,NHX,900,1085,336,,,,,,,,,,,,,,,,,,,,,,,,
,,WLC-SH-NHX-ST-3SG-XXX-900-725-336-15,WC,Wall,,,,,,,,,,NHX,900,725,336,,,,,,,,,,,,,,,,,,,,,,,,
,,TLC-SH-TTS-ST-6SX-XXX-XXX-1050-2400-560-15,TC,Tall,,,,,,,,,,TTS,1050,2400,560,,,,,,,,,,,,,,,,,,,,,,,,
,,TLC-SH-TTS-ST-5SX-XXX-XXX-1050-2040-560-15,TC,Tall,,,,,,,,,,TTS,1050,2040,560,,,,,,,,,,,,,,,,,,,,,,,,
,,TCL-SH-TTS-ST-HK-LHS-XXX-600-2400-560-15,TC,Tall,,,,,,,,,,TTS,600,2400,560,,,,,,,,,,,,,,,,,,,,,,,,
,,TCL-SH-TTS-ST-HK-RHS-XXX-600-2400-560-15,TC,Tall,,,,,,,,,,TTS,600,2400,560,,,,,,,,,,,,,,,,,,,,,,,,
,,TCL-SH-TTS-ST-HK-LHS-XXX-600-2040-560-15,TC,Tall,,,,,,,,,,TTS,600,2040,560,,,,,,,,,,,,,,,,,,,,,,,,
,,TCL-SH-TTS-ST-HK-RHS-XXX-600-2040-560-15,TC,Tall,,,,,,,,,,TTS,600,2040,560,,,,,,,,,,,,,,,,,,,,,,,,
,,,,,,,,,,,,,,,,,,,,,,,,,,,,,,,,,,,,,,,,,
,,,,,,,,,,,,,,,,,,,,,,,,,,,,,,,,,,,,,,,,,
,,,,,,,,,,,,,,,,,,,,,,,,,,,,,,,,,,,,,,,,,
,,,,,,,,,,,,,,,,,,,,,,,,,,,,,,,,,,,,,,,,,
,,,,,,,,,,,,,,,,,,,,,,,,,,,,,,,,,,,,,,,,,
,,,,,,,,,,,,,,,,,,,,,,,,,,,,,,,,,,,,,,,,,
,,CABINET TYPE,OLD CODE,NEW CODE,,,,,,,,,,,,,,,,,,,,,,,,,,,,,,,,,,,,,
,,"BASE CABINETS WITH TITUS
SHUTTERS",STD,TTS,,,,,,,,,,,,,,,,,,,,,,,,,,,,,,,,,,,,,
,,"WALL / LOFT CABINETS
ALL SHUTTERS",STD,NHX,,,,,,,,,,,,,,,,,,,,,,,,,,,,,,,,,,,,,
,,"TALL CABINETS
STONE SHUTTERS",STD,TTS,,,,,,,,,,,,,,,,,,,,,,,,,,,,,,,,,,,,,