Serial no.,Cabinet type,Cabinet Code,Width ,Height,Depth,Sqft,"No of 
drawers","No of 
shelves",Accessories,"Cabinet 
Price
(in rs)","Shelf & drawer 
price
(in rs)","Accessories
Price
(in $) ","Modern Shutter 
Price
(in $) old prices","Modern Shutter 
Price
(in $) New prices","Classic Shutter 
Price
(in $) old prices","Classic Shutter 
Price
(in $) New prices","AVERAGE RATE 
PER SQ FEET
(in $)",Remark,,,,,,,,,,,,,,,,,,,,
1,Base Cabinet,bottle Pullout unit,150,820,560,1.3239558509161129,0,0,"150mm (6"") bottle pullout",#REF!,#REF!,#REF!,#REF!,#REF!,#REF!,#REF!,#REF!,Bottle pullout,,,,,,,,,,,,,,,,,,,,
2,Base Cabinet,bottle Pullout unit,300,820,560,2.6479117018322258,0,0,"300mm (12"") LH/RH bottle pullout",#REF!,#REF!,#REF!,#REF!,#REF!,#REF!,#REF!,#REF!,Bottle pullout,,,,,,,,,,,,,,,,,,,,
3,Base Cabinet,2 Drawer Unit,450,820,560,3.9718675527483387,2,0,,#REF!,#REF!,,#REF!,#REF!,#REF!,#REF!,#REF!,,,,,,,,,,,,,,,,,,,,,
4,Base Cabinet,4 Drawer Unit,450,820,560,3.9718675527483387,4,0,,#REF!,#REF!,,#REF!,#REF!,#REF!,#REF!,#REF!,,,,,,,,,,,,,,,,,,,,,
5,Base Cabinet,Grain Drawer,450,820,560,3.9718675527483387,2,0,,#REF!,#REF!,,#REF!,#REF!,#REF!,#REF!,#REF!,,,,,,,,,,,,,,,,,,,,,
6,Base Cabinet,Shutter Unit LH/RH,450,820,560,3.9718675527483387,0,1,,#REF!,#REF!,,#REF!,#REF!,#REF!,#REF!,#REF!,,,,,,,,,,,,,,,,,,,,,
7,Base Cabinet,Shutter Unit LH/RH (Low depth),450,820,336,3.9718675527483387,0,1,,#REF!,#REF!,,#REF!,#REF!,#REF!,#REF!,#REF!,,,,,,,,,,,,,,,,,,,,,
8,Base Cabinet,Shutter Unit LH/RH,550,820,560,4.8545047866924138,0,1,,#REF!,#REF!,,#REF!,#REF!,#REF!,#REF!,#REF!,,,,,,,,,,,,,,,,,,,,,
9,Base Cabinet,HOB 2 Drawer unit,600,820,560,5.2958234036644516,2,0,,#REF!,#REF!,,#REF!,#REF!,#REF!,#REF!,#REF!,,,,,,,,,,,,,,,,,,,,,
10,Base Cabinet,HOB 3 Drawer unit,600,820,560,5.2958234036644516,3,0,,#REF!,#REF!,,#REF!,#REF!,#REF!,#REF!,#REF!,,,,,,,,,,,,,,,,,,,,,
11,Base Cabinet,2 Drawer unit,600,820,560,5.2958234036644516,2,0,,#REF!,#REF!,,#REF!,#REF!,#REF!,#REF!,#REF!,,,,,,,,,,,,,,,,,,,,,
12,Base Cabinet,3 Drawer unit,600,820,560,5.2958234036644516,3,0,,#REF!,#REF!,,#REF!,#REF!,#REF!,#REF!,#REF!,,,,,,,,,,,,,,,,,,,,,
13,Base Cabinet,2 External+ 1 in-built Drawer unit,600,820,560,5.2958234036644516,3,0,,#REF!,#REF!,,#REF!,#REF!,#REF!,#REF!,#REF!,,,,,,,,,,,,,,,,,,,,,
14,Base Cabinet,Grain Drawer,600,820,560,5.2958234036644516,2,0,,#REF!,#REF!,,#REF!,#REF!,#REF!,#REF!,#REF!,,,,,,,,,,,,,,,,,,,,,
15,Base Cabinet,Waste bin Pullout unit,600,820,560,5.2958234036644516,1,1,Wastebin 60Lt.,#REF!,#REF!,#REF!,#REF!,#REF!,#REF!,#REF!,#REF!,Waste bin 60 litre,,,,,,,,,,,,,,,,,,,,
16,Base Cabinet,Shutter Unit LH/RH,600,820,560,5.2958234036644516,0,1,,#REF!,#REF!,,#REF!,#REF!,#REF!,#REF!,#REF!,,,,,,,,,,,,,,,,,,,,,
17,Base Cabinet,Shutter Unit LH/RH (Low depth),600,820,336,5.2958234036644516,0,1,,#REF!,#REF!,,#REF!,#REF!,#REF!,#REF!,#REF!,,,,,,,,,,,,,,,,,,,,,
18,Base Cabinet,Sink Shutter Unit LH/RH,600,820,560,5.2958234036644516,0,0,,#REF!,#REF!,,#REF!,#REF!,#REF!,#REF!,#REF!,,,,,,,,,,,,,,,,,,,,,
19,Base Cabinet,Appliances Unit,600,820,560,5.2958234036644516,0,0,,#REF!,#REF!,,#REF!,#REF!,#REF!,#REF!,#REF!,Space for Built-in Oven,,,,,,,,,,,,,,,,,,,,
20,Base Cabinet,HOB 2 Drawer unit,900,820,560,7.9437351054966774,2,0,,#REF!,#REF!,,#REF!,#REF!,#REF!,#REF!,#REF!,,,,,,,,,,,,,,,,,,,,,
21,Base Cabinet,HOB 3 Drawer unit,900,820,560,7.9437351054966774,3,0,,#REF!,#REF!,,#REF!,#REF!,#REF!,#REF!,#REF!,,,,,,,,,,,,,,,,,,,,,
22,Base Cabinet,2 Drawer unit,900,820,560,7.9437351054966774,2,0,,#REF!,#REF!,,#REF!,#REF!,#REF!,#REF!,#REF!,,,,,,,,,,,,,,,,,,,,,
23,Base Cabinet,3 Drawer unit,900,820,560,7.9437351054966774,3,0,,#REF!,#REF!,,#REF!,#REF!,#REF!,#REF!,#REF!,,,,,,,,,,,,,,,,,,,,,
24,Base Cabinet,2 External+ 1 in-built Drawer unit,900,820,560,7.9437351054966774,3,0,,#REF!,#REF!,,#REF!,#REF!,#REF!,#REF!,#REF!,,,,,,,,,,,,,,,,,,,,,
25,Base Cabinet,2 Shutter Unit,900,820,560,7.9437351054966774,0,1,,#REF!,#REF!,,#REF!,#REF!,#REF!,#REF!,#REF!,,,,,,,,,,,,,,,,,,,,,
26,Base Cabinet,Sink 2 Shutters Unit,900,820,560,7.9437351054966774,0,0,,#REF!,#REF!,3943,#REF!,#REF!,#REF!,#REF!,#REF!,,,,,,,,,,,,,,,,,,,,,
27,Base Cabinet,Sink 2 Shutters Unit,1050,820,560,9.2676909564127907,0,0,,#REF!,#REF!,,#REF!,#REF!,#REF!,#REF!,#REF!,,,,,,,,,,,,,,,,,,,,,
28,Base Cabinet,Blind Unit LH/RH,1050,820,560,9.2676909564127907,0,1,,#REF!,#REF!,,#REF!,#REF!,#REF!,#REF!,#REF!,,,,,,,,,,,,,,,,,,,,,
29,Base Cabinet,Blind Unit LH/RH (Low depth),1050,820,336,9.2676909564127907,0,1,,#REF!,#REF!,,#REF!,#REF!,#REF!,#REF!,#REF!,,,,,,,,,,,,,,,,,,,,,
30,Base Cabinet, lehman's Blind Unit LH/RH,1050,820,560,9.2676909564127907,0,0,Lehman's Corner,#REF!,#REF!,#REF!,#REF!,#REF!,#REF!,#REF!,#REF!,Lehman's corner,,,,,,,,,,,,,,,,,,,,
31,Base Cabinet,Blind Unit LH/RH,1150,820,560,10.150328190356866,0,1,,#REF!,#REF!,,#REF!,#REF!,#REF!,#REF!,#REF!,,,,,,,,,,,,,,,,,,,,,
32,Base Cabinet,Blind Unit (Low depth),1150,820,336,10.150328190356866,0,1,,#REF!,#REF!,,#REF!,#REF!,#REF!,#REF!,#REF!,,,,,,,,,,,,,,,,,,,,,
33,Base Cabinet,Sink 2 Shutter Unit,1200,820,560,10.591646807328903,0,0,,#REF!,#REF!,,#REF!,#REF!,#REF!,#REF!,#REF!,,,,,,,,,,,,,,,,,,,,,
34,Base Cabinet,3 Sides Glass Unit- 2 Shutters,940,820,336,8.2967899990743081,0,1,,#REF!,#REF!,,#REF!,#REF!,#REF!,#REF!,#REF!,,,,,,,,,,,,,,,,,,,,,
35,Base Cabinet,3 Sides Glass Unit- 2 Shutters,1170,820,336,10.32685563714568,0,1,,#REF!,#REF!,,#REF!,#REF!,#REF!,#REF!,#REF!,,,,,,,,,,,,,,,,,,,,,
36,Wall Cabinet,Open Unit,300,1085,336,3.5036392640097134,0,3,,#REF!,#REF!,,#REF!,#REF!,#REF!,#REF!,#REF!,,,,,,,,,,,,,,,,,,,,,
37,Wall Cabinet,Shutter Unit LH/RH,450,1085,336,5.2554588960145701,0,3,,#REF!,#REF!,,#REF!,#REF!,#REF!,#REF!,#REF!,,,,,,,,,,,,,,,,,,,,,
38,Wall Cabinet,Shutter Unit LH/RH,550,1085,336,6.4233386506844745,0,3,,#REF!,#REF!,,#REF!,#REF!,#REF!,#REF!,#REF!,,,,,,,,,,,,,,,,,,,,,
39,Wall Cabinet,Shutter Unit LH/RH,600,1085,336,7.0072785280194267,0,3,,#REF!,#REF!,,#REF!,#REF!,#REF!,#REF!,#REF!,,,,,,,,,,,,,,,,,,,,,
40,Wall Cabinet,Shutter Unit LH/RH,600,1085,336,7.0072785280194267,0,1,"600mm (24"") Dishrack",#REF!,#REF!,,#REF!,#REF!,#REF!,#REF!,#REF!,Dish rack 600mm,,,,,,,,,,,,,,,,,,,,
41,Wall Cabinet,2 Shutter Unit,850,1085,336,9.9269779146941879,0,3,,#REF!,#REF!,,#REF!,#REF!,#REF!,#REF!,#REF!,,,,,,,,,,,,,,,,,,,,,
42,Wall Cabinet,2 Shutter Unit,900,1085,336,10.51091779202914,0,3,,#REF!,#REF!,,#REF!,#REF!,#REF!,#REF!,#REF!,,,,,,,,,,,,,,,,,,,,,
43,Wall Cabinet,2 Shutter Unit,900,1085,336,10.51091779202914,0,2,"900mm (35"") Dishrack",#REF!,#REF!,,#REF!,#REF!,#REF!,#REF!,#REF!,Dish rack 900mm,,,,,,,,,,,,,,,,,,,,
44,Wall Cabinet,Blind Unit LH/RH,900,1085,336,10.51091779202914,0,3,,#REF!,#REF!,,#REF!,#REF!,#REF!,#REF!,#REF!,,,,,,,,,,,,,,,,,,,,,
45,Wall Cabinet,Open Unit,300,725,336,2.3411414436931266,0,1,,#REF!,#REF!,,#REF!,#REF!,#REF!,#REF!,#REF!,,,,,,,,,,,,,,,,,,,,,
46,Wall Cabinet,Shutter Unit LH/RH,450,725,336,3.5117121655396897,0,1,,#REF!,#REF!,,#REF!,#REF!,#REF!,#REF!,#REF!,,,,,,,,,,,,,,,,,,,,,
47,Wall Cabinet,Shutter Unit LH/RH,550,725,336,4.2920926467707323,0,1,,#REF!,#REF!,,#REF!,#REF!,#REF!,#REF!,#REF!,,,,,,,,,,,,,,,,,,,,,
48,Wall Cabinet,Shutter Unit LH/RH,600,725,336,4.6822828873862532,0,1,,#REF!,#REF!,,#REF!,#REF!,#REF!,#REF!,#REF!,,,,,,,,,,,,,,,,,,,,,
49,Wall Cabinet,Shutter Unit LH/RH,600,725,336,4.6822828873862532,0,0,"600mm (24"") Dishrack",#REF!,#REF!,,#REF!,#REF!,#REF!,#REF!,#REF!,Dish rack 600mm,,,,,,,,,,,,,,,,,,,,
50,Wall Cabinet,2 Shutter Unit,850,725,336,6.6332340904638585,0,1,,#REF!,#REF!,,#REF!,#REF!,#REF!,#REF!,#REF!,,,,,,,,,,,,,,,,,,,,,
51,Wall Cabinet,2 Shutter Unit,900,725,336,7.0234243310793794,0,1,,#REF!,#REF!,,#REF!,#REF!,#REF!,#REF!,#REF!,,,,,,,,,,,,,,,,,,,,,
52,Wall Cabinet,2 Shutter Unit,900,725,336,7.0234243310793794,0,0,"900mm (35"") Dishrack",#REF!,#REF!,,#REF!,#REF!,#REF!,#REF!,#REF!,Dish rack 900mm,,,,,,,,,,,,,,,,,,,,
53,Wall Cabinet,Blind Unit LH/RH,900,725,336,7.0234243310793794,0,1,,#REF!,#REF!,,#REF!,#REF!,#REF!,#REF!,#REF!,,,,,,,,,,,,,,,,,,,,,
54,Mid ht. Cabinet,Mid ht. Unit,600,1290,336,8.3312343789355392,0,3,Rolling Shutter,#REF!,#REF!,,#REF!,#REF!,#REF!,#REF!,#REF!,,,,,,,,,,,,,,,,,,,,,
55,Mid ht. Cabinet,Mid ht. Unit,600,1650,336,10.656230019568714,0,4,Rolling Shutter,#REF!,#REF!,,#REF!,#REF!,#REF!,#REF!,#REF!,,,,,,,,,,,,,,,,,,,,,
56,Tall Cabinet,Shutter Unit LH/RH,450,2500,560,12.109352294964447,0,6,,#REF!,#REF!,,#REF!,#REF!,#REF!,#REF!,#REF!,,,,,,,,,,,,,,,,,,,,,
57,Tall Cabinet,Shutter Unit LH/RH (Low depth),450,2500,336,12.109352294964447,0,6,,#REF!,#REF!,,#REF!,#REF!,#REF!,#REF!,#REF!,,,,,,,,,,,,,,,,,,,,,
58,Tall Cabinet,Shutter Unit LH/RH,600,2500,560,16.145803059952598,0,6,,#REF!,#REF!,,#REF!,#REF!,#REF!,#REF!,#REF!,,,,,,,,,,,,,,,,,,,,,
59,Tall Cabinet,Shutter Unit LH/RH (Low depth),600,2500,336,16.145803059952598,0,6,,#REF!,#REF!,,#REF!,#REF!,#REF!,#REF!,#REF!,,,,,,,,,,,,,,,,,,,,,
60,Tall Cabinet,Appliances Unit: Shutter +Drawer,600,2500,560,16.145803059952598,1,3,,#REF!,#REF!,,#REF!,#REF!,#REF!,#REF!,#REF!,Space for Microwave & Oven,,,,,,,,,,,,,,,,,,,,
61,Tall Cabinet,Appliances Unit: Shutter +Drawer,600,2500,560,16.145803059952598,2,3,,#REF!,#REF!,,#REF!,#REF!,#REF!,#REF!,#REF!,Space for Oven/ Microwave with Waming drawer 140mm/ Coffee Machine,,,,,,,,,,,,,,,,,,,,
62,Tall Cabinet,Appliances Unit: Shutter LH/RH,600,2500,560,16.145803059952598,0,1,,#REF!,#REF!,,#REF!,#REF!,#REF!,#REF!,#REF!,Space for Refrigerator,,,,,,,,,,,,,,,,,,,,
7020,Tall Cabinet,Tandem_Shutter Unit LH/RH,600,2500,560,16.145803059952598,0,1,"600mm (24"") Tandem Pantry",#REF!,#REF!,,#REF!,#REF!,#REF!,#REF!,#REF!,Tandem Pantry,,,,,,,,,,,,,,,,,,,,
64,Tall Cabinet,4 Drawer set_Shutter Unit LH/RH,600,2500,560,16.145803059952598,4,2,3 Low back Drawer + 2 high back Drawer,#REF!,#REF!,,#REF!,#REF!,#REF!,#REF!,#REF!,5 drawer unit,,,,,,,,,,,,,,,,,,,,
65,Tall Cabinet,4 Pullout set_Shutter Unit LH/RH,600,2500,560,16.145803059952598,4,2,,#REF!,#REF!,,#REF!,#REF!,#REF!,#REF!,#REF!,Pullout shelves,,,,,,,,,,,,,,,,,,,,
66,Tall Cabinet,2 Shutter Unit,900,2500,560,24.218704589928894,0,6,,#REF!,#REF!,,#REF!,#REF!,#REF!,#REF!,#REF!,,,,,,,,,,,,,,,,,,,,,
67,Tall Cabinet,Blind Unit LH/RH,1050,2500,560,28.255155354917044,0,6,,#REF!,#REF!,,#REF!,#REF!,#REF!,#REF!,#REF!,,,,,,,,,,,,,,,,,,,,,
68,Tall Cabinet,Shutter Unit LH/RH,450,2140,560,10.365605564489567,0,5,,#REF!,#REF!,,#REF!,#REF!,#REF!,#REF!,#REF!,,,,,,,,,,,,,,,,,,,,,
69,Tall Cabinet,Shutter Unit LH/RH (Low depth),450,2140,336,10.365605564489567,0,5,,#REF!,#REF!,,#REF!,#REF!,#REF!,#REF!,#REF!,,,,,,,,,,,,,,,,,,,,,
70,Tall Cabinet,Shutter Unit LH/RH,600,2140,560,13.820807419319422,0,5,,#REF!,#REF!,,#REF!,#REF!,#REF!,#REF!,#REF!,,,,,,,,,,,,,,,,,,,,,
71,Tall Cabinet,Shutter Unit LH/RH (Low depth),600,2140,336,13.820807419319422,0,5,,#REF!,#REF!,,#REF!,#REF!,#REF!,#REF!,#REF!,,,,,,,,,,,,,,,,,,,,,
72,Tall Cabinet,Appliances Unit: Shutter,600,2140,560,13.820807419319422,1,1,,#REF!,#REF!,,#REF!,#REF!,#REF!,#REF!,#REF!,Space for Microwave & Oven,,,,,,,,,,,,,,,,,,,,
73,Tall Cabinet,Appliances Unit: Shutter,600,2140,560,13.820807419319422,2,1,,#REF!,#REF!,,#REF!,#REF!,#REF!,#REF!,#REF!,Space for Oven/ Microwave with Waming drawer 140mm/ Coffee Machine,,,,,,,,,,,,,,,,,,,,
74,Tall Cabinet,Appliances Unit: Shutter LH/RH,600,2140,560,13.820807419319422,0,1,,#REF!,#REF!,,#REF!,#REF!,#REF!,#REF!,#REF!,Space for Refrigerator,,,,,,,,,,,,,,,,,,,,
75,Tall Cabinet,Tandem_Shutter Unit LH/RH,600,2140,560,13.820807419319422,0,0,"600mm (24"") Tandem Pantry",#REF!,#REF!,,#REF!,#REF!,#REF!,#REF!,#REF!,Tandem Pantry,,,,,,,,,,,,,,,,,,,,
76,Tall Cabinet,4 Drawer set_Shutter Unit LH/RH,600,2140,560,13.820807419319422,4,1,3 Low back Drawer + 2 high back Drawer,#REF!,#REF!,,#REF!,#REF!,#REF!,#REF!,#REF!,5 drawer unit,,,,,,,,,,,,,,,,,,,,
77,Tall Cabinet,4 Pullout set_Shutter Unit LH/RH,600,2140,560,13.820807419319422,4,1,,#REF!,#REF!,,#REF!,#REF!,#REF!,#REF!,#REF!,Pullout shelves,,,,,,,,,,,,,,,,,,,,
78,Tall Cabinet,2 Shutter Unit,900,2140,560,20.731211128979133,0,5,,#REF!,#REF!,,#REF!,#REF!,#REF!,#REF!,#REF!,,,,,,,,,,,,,,,,,,,,,
79,Tall Cabinet,Blind Unit LH/RH,1050,2140,560,24.186412983808989,0,5,,#REF!,#REF!,,#REF!,#REF!,#REF!,#REF!,#REF!,,,,,,,,,,,,,,,,,,,,,
80,Loft Cabinet,2 Shutter Unit,1050,600,560,6.7812372851800911,0,1,,#REF!,#REF!,,#REF!,#REF!,#REF!,#REF!,#REF!,Only above Refrigerator,,,,,,,,,,,,,,,,,,,,
81,Loft Cabinet,Shutter Unit LH/RH,450,600,336,2.9062445507914676,0,1,,#REF!,#REF!,,#REF!,#REF!,#REF!,#REF!,#REF!,,,,,,,,,,,,,,,,,,,,,
82,Loft Cabinet,Shutter Unit LH/RH,450,600,560,2.9062445507914676,0,1,,#REF!,#REF!,,#REF!,#REF!,#REF!,#REF!,#REF!,Only above Tall Units,,,,,,,,,,,,,,,,,,,,
83,Loft Cabinet,Shutter Unit LH/RH,550,600,336,3.5520766731895712,0,1,,#REF!,#REF!,,#REF!,#REF!,#REF!,#REF!,#REF!,,,,,,,,,,,,,,,,,,,,,
84,Loft Cabinet,Shutter Unit LH/RH,600,600,336,3.8749927343886235,0,1,,#REF!,#REF!,,#REF!,#REF!,#REF!,#REF!,#REF!,,,,,,,,,,,,,,,,,,,,,
85,Loft Cabinet,Shutter Unit LH/RH,600,600,560,3.8749927343886235,0,1,,#REF!,#REF!,,#REF!,#REF!,#REF!,#REF!,#REF!,Only above Tall Units,,,,,,,,,,,,,,,,,,,,
86,Loft Cabinet,Blind Unit LH/RH,1050,600,336,6.7812372851800911,0,1,,#REF!,#REF!,,#REF!,#REF!,#REF!,#REF!,#REF!,,,,,,,,,,,,,,,,,,,,,
87,Loft Cabinet,Blind Unit LH/RH,1050,600,560,6.7812372851800911,0,1,,#REF!,#REF!,,#REF!,#REF!,#REF!,#REF!,#REF!,Only above Tall Units,,,,,,,,,,,,,,,,,,,,
,,,,,,,,,,,,,,,,,,,,,,,,,,,,,,,,,,,,,,
,,,,,,785.52238131220122,,,,,,,,,,,,,,,,,,,,,,,,,,,,,,,,